emdb_id,method,release_year,stated_A,own_curve_A,unmasked_A,masked_A,corrected_A,corrected_over_stated,halfmap_nyquist_A,software,point_group
EMD-39763,singleParticle,2024,3.23,3.227889,434.78262,270.27026,277.77777,85.9993,2.28,cryoSPARC,C35
EMD-57779,singleParticle,2026,3.1,3.0864198,384.6154,140.84508,136.9863,44.1891,2.42182,cryoSPARC,
EMD-76094,singleParticle,2026,2.74,2.7196083,84.745766,68.965515,84.033615,30.6692,1.66,cryoSPARC,C2
EMD-75213,singleParticle,2026,6.5,,192.3077,243.90244,192.3077,29.5858,4.28,cryoSPARC,
EMD-72497,singleParticle,2026,3.14,3.137747,109.89011,90.90909,90.90909,28.9519,1.66000008,cryoSPARC,
EMD-19020,singleParticle,2024,3.25,3.2425423,131.57895,147.05882,78.125,24.0385,2.1,not stated,
EMD-38623,singleParticle,2025,3.29,,68.49315,23.255814,52.083332,15.8308,1.7,not stated,
EMD-19442,singleParticle,2025,2.65,,41.666668,41.322315,41.666668,15.7233,2.127,not stated,
EMD-49362,singleParticle,2025,2.58,2.5773196,37.593987,37.453182,38.02281,14.7375,1.65,not stated,
EMD-44166,singleParticle,2024,3.5,3.500175,45.454544,45.045044,45.87156,13.1062,2.68,RELION,C6
EMD-42932,helical,2024,2.72,2.664535,30.959753,30.959753,31.74603,11.6713,1.7872,cryoSPARC,
EMD-37441,singleParticle,2024,2.71,2.708559,21.881838,21.786493,21.881838,8.0745,2.08,not stated,
EMD-19280,singleParticle,2024,2.57,2.570694,19.23077,17.825312,18.115942,7.049,1.6672,RELION,I
EMD-19281,singleParticle,2024,2.58,2.5766554,18.281536,12.903226,16.863407,6.5362,1.6672,RELION,I
EMD-19270,singleParticle,2024,2.95,2.9446406,20.040081,19.047619,18.69159,6.3361,2.08,RELION,I
EMD-18652,singleParticle,2024,3.0,3.0432136,17.605635,14.749263,17.605635,5.8685,1.36,not stated,C1
EMD-72849,singleParticle,2026,3.44,3.4387896,19.569471,18.348623,19.569471,5.6888,2.0,cryoSPARC,C1
EMD-60409,singleParticle,2025,2.23,,11.8063755,11.820331,11.8063755,5.2943,1.648,not stated,
EMD-19285,singleParticle,2024,4.01,3.9888313,21.231422,19.762846,19.762846,4.9284,2.114,RELION,I
EMD-44399,singleParticle,2024,2.1,,17.857143,10.224949,10.341262,4.9244,1.9,not stated,
EMD-65251,singleParticle,2025,6.02,,27.54821,27.54821,27.62431,4.5888,1.86,cryoSPARC,
EMD-64071,singleParticle,2026,3.44,,15.060241,14.792899,15.060241,4.378,1.396,not stated,
EMD-44401,singleParticle,2024,2.5,,17.857143,10.224949,10.256411,4.1026,1.9,not stated,
EMD-46746,singleParticle,2025,4.5,,16.949152,16.778524,17.391304,3.8647,1.664,RELION,
EMD-75129,singleParticle,2026,4.06,,14.577259,9.699321,14.577259,3.5905,1.654,cryoSPARC,
EMD-49605,singleParticle,2025,3.3,,14.164306,12.93661,11.764706,3.5651,1.646,not stated,
EMD-71450,singleParticle,2025,3.7,,11.098779,10.162601,11.248594,3.0402,2.3,cryoSPARC,
EMD-39162,singleParticle,2025,2.81,,8.389262,3.6166365,8.389262,2.9855,1.42,not stated,
EMD-64742,singleParticle,2026,3.4,3.118179,10.080646,6.0716453,10.080646,2.9649,1.42,cryoSPARC,
EMD-47315,subtomogramAveraging,2024,14.0,,40.650406,29.761906,40.650406,2.9036,10.42,RELION,I
EMD-54251,singleParticle,2025,4.01,,18.248175,11.086474,11.560694,2.883,2.1,RELION,
EMD-52600,singleParticle,2025,8.91,9.165903,25.316456,25.316456,25.316456,2.8414,3.3252,cryoSPARC,
EMD-71592,singleParticle,2025,7.67,7.6687117,21.786493,7.800312,21.786493,2.8405,3.16,cryoSPARC,
EMD-51309,singleParticle,2025,9.13,9.124087,55.86592,25.906736,25.839794,2.8302,3.4,cryoSPARC,
EMD-73815,singleParticle,2026,6.64,6.6357,18.69159,9.017133,18.69159,2.815,2.12,cryoSPARC,
EMD-73818,singleParticle,2026,7.6,7.6045628,18.939394,9.99001,19.267822,2.5352,2.12,cryoSPARC,
EMD-47319,subtomogramAveraging,2024,40.0,,56.497173,100.0,101.0101,2.5253,10.42,RELION,I
EMD-60898,singleParticle,2025,3.3,,8.591065,7.117438,8.05153,2.4399,2.12,not stated,
EMD-71594,singleParticle,2025,9.88,9.881423,23.584906,10.256411,23.094688,2.3375,3.16,cryoSPARC,
EMD-66002,subtomogramAveraging,2026,12.4,12.315271,28.901733,19.047619,28.901733,2.3308,5.44,other,C2
EMD-75128,singleParticle,2026,4.55,,10.515247,7.5642967,10.515247,2.311,1.76,cryoSPARC,
EMD-43912,subtomogramAveraging,2024,12.8,12.468828,37.313435,13.0039015,29.411764,2.2978,3.4200004,not stated,C1
EMD-53458,subtomogramAveraging,2025,12.5,12.330456,28.490028,28.490028,28.40909,2.2727,7.6,not stated,C6
EMD-43914,subtomogramAveraging,2024,12.2,11.933174,31.44654,14.184397,27.39726,2.2457,6.844,RELION,C1
EMD-72129,singleParticle,2025,7.23,7.2254333,16.129032,6.9252076,16.129032,2.2308,3.16,cryoSPARC,
EMD-62644,singleParticle,2025,2.94,,7.800312,6.3694267,6.4020486,2.1776,2.12,not stated,
EMD-53648,subtomogramAveraging,2026,5.6,5.543237,13.986014,11.415525,12.033694,2.1489,4.0,RELION,C1
EMD-39746,singleParticle,2024,3.19,,6.830601,6.830601,6.830601,2.1413,1.864,not stated,
EMD-17776,subtomogramAveraging,2024,33.2,33.22259,79.36508,63.291138,69.44444,2.0917,15.2,other,
EMD-53664,subtomogramAveraging,2026,8.6,8.090615,17.793594,17.76199,17.793594,2.069,4.0,RELION,C1
EMD-17775,subtomogramAveraging,2024,36.2,36.231884,79.36508,68.49315,74.62687,2.0615,15.2,other,
EMD-39750,singleParticle,2024,3.4,,6.954103,6.954103,6.9686413,2.0496,1.864,not stated,
EMD-45227,subtomogramAveraging,2024,33.0,,80.0,21.929825,67.567566,2.0475,20.0,not stated,C1
EMD-46679,singleParticle,2024,3.31,3.536068,11.210762,6.7613254,6.775068,2.0468,2.48,not stated,C1
EMD-73641,subtomogramAveraging,2025,10.6,10.319918,21.691975,21.691975,21.551723,2.0332,6.04,RELION,D2
EMD-19257,singleParticle,2024,8.33,8.244023,28.653296,20.08032,16.891891,2.0278,2.114,RELION,C12
EMD-45701,singleParticle,2025,9.55,9.259259,19.53125,19.193857,19.34236,2.0254,2.68,cryoSPARC,
EMD-38414,singleParticle,2025,2.76,2.8066237,5.5555553,5.5340343,5.5340343,2.0051,1.702,not stated,
EMD-18738,subtomogramAveraging,2024,13.6,13.605442,21.929825,14.684288,27.247957,2.0035,7.04,RELION,C7
EMD-19823,subtomogramAveraging,2025,12.79,12.787724,25.773195,12.853471,25.575447,1.9996,8.3,RELION,C1
EMD-58431,subtomogramAveraging,2026,11.5,,26.737968,22.727272,22.93578,1.9944,6.88,RELION,C1
EMD-19561,singleParticle,2024,26.0,24.752476,51.28205,57.803467,51.28205,1.9724,4.4,cryoSPARC,C1
EMD-53459,subtomogramAveraging,2025,13.5,13.550136,26.455027,26.455027,26.455027,1.9596,7.6,other,C6
EMD-58161,singleParticle,2026,4.3,4.3252597,9.049774,8.278146,8.403361,1.9543,1.678,cryoSPARC,
EMD-50464,singleParticle,2024,3.06,4.916421,8.305648,5.9382424,5.9453034,1.9429,2.6026,not stated,
EMD-53460,subtomogramAveraging,2025,13.5,13.495276,26.17801,26.17801,26.17801,1.9391,7.6,other,C6
EMD-64143,singleParticle,2025,2.96,,7.2098055,5.6915197,5.6980057,1.925,2.12,not stated,
EMD-54402,helical,2025,3.8,3.8066235,13.888889,7.293946,7.3099413,1.9237,2.928,RELION,
EMD-53669,subtomogramAveraging,2026,13.9,14.285714,26.737968,10.799136,26.737968,1.9236,4.0,RELION,C1
EMD-54614,subtomogramAveraging,2026,20.0,19.920319,33.112583,36.49635,38.314175,1.9157,6.72,RELION,C1
EMD-66444,singleParticle,2026,4.35,4.35161,8.361204,8.305648,8.333333,1.9157,1.62,cryoSPARC,
EMD-18737,subtomogramAveraging,2024,12.0,12.033694,22.779043,14.306151,22.779043,1.8983,7.04,RELION,C7
EMD-51684,singleParticle,2025,4.0,3.9463298,13.404826,7.581501,7.5930142,1.8983,1.454,not stated,
EMD-53654,subtomogramAveraging,2026,8.3,8.635578,15.72327,15.797789,15.72327,1.8944,4.0,RELION,C1
EMD-48013,singleParticle,2025,10.0,,18.867924,9.699321,18.867924,1.8868,3.56,not stated,
EMD-45725,singleParticle,2025,5.83,10.834236,16.583748,10.940919,10.952903,1.8787,5.3,cryoSPARC,
EMD-53846,subtomogramAveraging,2026,10.5,10.449321,30.30303,16.393442,19.68504,1.8748,10.0,RELION,C1
EMD-47314,subtomogramAveraging,2024,20.0,,38.61004,37.17472,37.453182,1.8727,7.86,RELION,I
EMD-53652,subtomogramAveraging,2026,8.0,8.14996,14.925373,14.925373,14.97006,1.8713,4.0,RELION,C1
EMD-47778,singleParticle,2025,4.0,,8.912656,7.434944,7.4738417,1.8685,2.2,cryoSPARC,C1
EMD-48011,singleParticle,2025,9.2,,17.123287,9.910803,17.123287,1.8612,2.19784,not stated,
EMD-38279,singleParticle,2024,3.1,,5.8139534,5.7971015,5.760369,1.8582,1.83999992,not stated,
EMD-46790,singleParticle,2024,4.97,,10.0,9.199632,9.23361,1.8579,2.8,cryoSPARC,
EMD-45748,singleParticle,2024,4.0,3.9968026,7.4294205,4.1684036,7.4294205,1.8574,2.588,cryoSPARC,C1
EMD-47587,singleParticle,2024,15.0,,32.786884,19.193857,27.70083,1.8467,4.98,cryoSPARC,
EMD-53653,subtomogramAveraging,2026,8.0,7.9554496,14.814815,14.814815,14.771049,1.8464,4.0,RELION,C1
EMD-70613,singleParticle,2025,3.6,,7.7700076,6.016847,6.6225166,1.8396,2.14,not stated,
EMD-45222,subtomogramAveraging,2024,32.0,,75.757576,21.505377,58.82353,1.8382,20.0,not stated,C1
EMD-51683,singleParticle,2025,3.3,3.3244681,10.810811,5.1466804,5.991612,1.8156,1.454,not stated,
EMD-45219,subtomogramAveraging,2024,34.0,,68.965515,,61.728394,1.8155,20.0,not stated,C1
EMD-53697,subtomogramAveraging,2026,11.1,11.135858,20.040081,19.84127,20.120724,1.8127,4.0,RELION,C1
EMD-53616,subtomogramAveraging,2026,8.0,8.025682,14.556041,14.556041,14.492754,1.8116,4.0,RELION,C1
EMD-47787,singleParticle,2025,4.1,,9.124087,7.3313785,7.380074,1.8,2.2,cryoSPARC,C1
EMD-49398,singleParticle,2025,4.63,4.631774,9.784736,8.271298,8.271298,1.7865,2.5032,not stated,
EMD-47586,singleParticle,2024,15.0,,30.211481,15.082956,26.737968,1.7825,4.98,cryoSPARC,
EMD-47780,singleParticle,2025,4.2,,9.23361,7.3046017,7.46826,1.7782,2.2,cryoSPARC,C1
EMD-47784,singleParticle,2025,4.0,,8.733624,7.097232,7.1073203,1.7768,2.2,cryoSPARC,C1
EMD-44663,singleParticle,2025,20.0,,36.630035,33.444817,35.460995,1.773,3.34,not stated,
EMD-55015,subtomogramAveraging,2025,4.5,,8.103727,7.9681277,7.9744816,1.7721,2.68,RELION,C1
EMD-16868,singleParticle,2024,4.5,4.636069,8.431704,7.716049,7.9617834,1.7693,1.64,cryoSPARC,
EMD-47779,singleParticle,2025,4.3,,9.157509,7.581501,7.598784,1.7672,2.2,cryoSPARC,C1
EMD-72640,singleParticle,2026,3.9,3.8804812,6.9492702,6.8212824,6.8870525,1.7659,2.52,cryoSPARC,
EMD-19272,singleParticle,2024,4.93,4.9261084,8.56898,8.156607,8.688097,1.7623,1.6672,RELION,C1
EMD-72274,singleParticle,2026,3.81,,6.7114096,3.5932448,6.7114096,1.7615,1.346,cryoSPARC,
EMD-47785,singleParticle,2025,4.1,,8.976661,7.2202168,7.2202168,1.761,2.2,cryoSPARC,C1
EMD-72458,singleParticle,2026,4.5,7.9681277,15.432098,7.8988943,7.911392,1.7581,2.05,RELION,
EMD-27865,singleParticle,2022,6.5,,14.044944,8.733624,11.402509,1.7542,2.076,not stated,
EMD-47786,singleParticle,2025,4.3,,9.140768,7.4738417,7.535795,1.7525,2.2,cryoSPARC,C1
EMD-71586,singleParticle,2025,8.45,8.14996,21.645021,7.9176564,14.792899,1.7506,3.16,cryoSPARC,
EMD-50883,singleParticle,2024,4.6,,11.025358,8.01282,8.025682,1.7447,2.6024,cryoSPARC,
EMD-71590,singleParticle,2025,6.69,6.6934404,11.655012,5.740528,11.655012,1.7422,3.16,cryoSPARC,
EMD-47589,singleParticle,2024,15.0,,32.894737,17.636684,26.109661,1.7406,4.98,cryoSPARC,
EMD-47773,singleParticle,2025,4.1,,8.695652,7.012623,7.117438,1.736,2.2,cryoSPARC,C1
EMD-54042,subtomogramAveraging,2025,4.9,,8.620689,8.097166,8.431704,1.7208,3.002,RELION,C1
EMD-53737,subtomogramAveraging,2026,10.5,10.3092785,18.115942,18.05054,18.05054,1.7191,4.0,RELION,C1
EMD-47682,singleParticle,2025,3.57,3.5701535,7.993605,6.079027,6.127451,1.7164,2.6638,cryoSPARC,
EMD-19265,singleParticle,2024,3.95,3.6443148,7.23589,5.837712,6.7249494,1.7025,1.6672,RELION,C6
EMD-58124,subtomogramAveraging,2026,22.0,22.675737,41.493774,8.857396,37.453182,1.7024,5.3,other,C1
EMD-51272,singleParticle,2025,4.04,4.0436716,14.285714,6.877579,6.877579,1.7024,3.32,cryoSPARC,
EMD-47588,singleParticle,2024,15.0,,30.03003,19.34236,25.510204,1.7007,4.98,cryoSPARC,
EMD-47545,singleParticle,2026,5.5,5.5493894,9.345795,5.9880238,9.345795,1.6992,2.16,cryoSPARC,
EMD-47783,singleParticle,2025,4.5,,9.328359,7.633588,7.64526,1.6989,2.2,cryoSPARC,C1
EMD-53833,subtomogramAveraging,2026,11.0,11.074197,22.271715,18.656717,18.58736,1.6898,4.0,RELION,C1
EMD-53657,subtomogramAveraging,2026,5.9,5.9136605,9.97009,9.950249,9.960159,1.6882,4.0,RELION,C1
EMD-53659,subtomogramAveraging,2026,5.6,5.652911,10.070494,9.442871,9.451796,1.6878,4.0,RELION,C1
EMD-47790,singleParticle,2025,4.5,,9.3109865,7.5528703,7.581501,1.6848,2.2,cryoSPARC,C1
EMD-47781,singleParticle,2025,3.9,,8.116883,6.514658,6.56168,1.6825,2.2,cryoSPARC,C1
EMD-50880,singleParticle,2024,4.0,,8.779632,6.5274153,6.7249494,1.6812,2.6024,cryoSPARC,
EMD-47533,singleParticle,2026,8.9,8.912656,14.947683,8.944544,14.947683,1.6795,2.16,cryoSPARC,
EMD-53738,subtomogramAveraging,2026,8.3,8.203445,14.409222,13.642565,13.888889,1.6734,4.0,RELION,C1
EMD-38521,singleParticle,2024,4.2,4.152824,11.520738,7.002801,7.017544,1.6708,1.66,not stated,
EMD-39820,singleParticle,2024,3.58,,5.9772863,3.7383177,5.9772863,1.6696,1.66,not stated,C1
EMD-46635,singleParticle,2025,3.9,3.8580246,8.583691,6.5104165,6.5104165,1.6693,2.2,cryoSPARC,C1
EMD-47815,singleParticle,2025,3.8,,7.8988943,6.3171196,6.3131313,1.6614,2.2,cryoSPARC,C1
EMD-39219,singleParticle,2025,3.2,,9.3109865,5.313496,5.313496,1.6605,1.6979998,not stated,
EMD-47808,singleParticle,2025,3.8,,7.8431373,6.289308,6.30517,1.6593,2.2,cryoSPARC,C1
EMD-47817,singleParticle,2025,4.0,,7.9176564,6.5832787,6.6357,1.6589,2.2,cryoSPARC,
EMD-50873,singleParticle,2024,4.1,,9.354537,6.706908,6.7704806,1.6513,2.6024,cryoSPARC,
EMD-40030,singleParticle,2024,4.1,4.037142,6.756757,,6.756757,1.648,2.72,not stated,
EMD-47313,subtomogramAveraging,2024,16.0,,26.17801,26.17801,26.31579,1.6447,7.86,RELION,I
EMD-44054,singleParticle,2025,4.04,4.037142,10.416667,6.6622252,6.6357,1.6425,2.136,not stated,
EMD-54024,subtomogramAveraging,2026,14.0,13.908206,22.988506,13.404826,22.988506,1.642,4.81,RELION,C6
EMD-75794,singleParticle,2026,4.16,4.1562757,12.515645,6.8212824,6.8259387,1.6409,3.675,cryoSPARC,C6
EMD-75136,singleParticle,2026,4.52,,9.354537,7.23589,7.4128985,1.64,1.654,cryoSPARC,
EMD-42462,singleParticle,2024,3.6,4.111842,5.9031878,3.8461537,5.9031878,1.6398,1.078,cryoSPARC,
EMD-50869,singleParticle,2024,4.1,,8.912656,6.5274153,6.6979237,1.6336,2.6024,cryoSPARC,
EMD-19261,singleParticle,2024,9.0,8.865249,15.060241,14.662757,14.641289,1.6268,1.6672,RELION,C1
EMD-19506,singleParticle,2024,4.1,4.0899796,8.741259,6.7114096,6.6666665,1.626,3.0,not stated,
EMD-50870,singleParticle,2024,4.5,,9.090909,7.2411294,7.315289,1.6256,2.6024,cryoSPARC,
EMD-53734,subtomogramAveraging,2026,9.7,9.587728,18.281536,15.600624,15.748032,1.6235,4.0,RELION,C1
EMD-53798,subtomogramAveraging,2026,12.2,12.135922,22.988506,19.267822,19.723866,1.6167,4.0,RELION,C1
EMD-47788,singleParticle,2025,3.9,,8.084074,6.4935064,6.301197,1.6157,2.2,cryoSPARC,C1
EMD-47811,singleParticle,2025,4.1,,8.097166,6.6313,6.6137567,1.6131,2.2,cryoSPARC,C1
EMD-47680,singleParticle,2025,3.49,3.4855351,7.651109,5.221932,5.6179776,1.6097,2.6638,cryoSPARC,
EMD-53662,subtomogramAveraging,2026,6.2,6.2617407,9.99001,9.960159,9.97009,1.6081,4.0,RELION,C1
EMD-60025,singleParticle,2025,7.91,,12.690355,7.993605,12.690355,1.6043,2.2,not stated,
EMD-47723,singleParticle,2024,4.08,4.0783033,8.643043,6.5445027,6.523157,1.5988,2.096,not stated,
EMD-47681,singleParticle,2025,3.58,3.5765378,7.8988943,5.7175527,5.7175527,1.5971,2.6638,cryoSPARC,
EMD-45257,subtomogramAveraging,2024,36.0,,57.471264,21.321962,57.471264,1.5964,20.0,not stated,C8
EMD-47814,singleParticle,2025,3.6,,7.633588,5.38503,5.7372346,1.5937,2.2,cryoSPARC,C1
EMD-48368,singleParticle,2025,4.0,3.9872408,13.280212,5.4945054,6.3734865,1.5934,2.38,cryoSPARC,
EMD-42039,singleParticle,2024,4.3,,9.29368,6.3572793,6.8259387,1.5874,2.16,not stated,
EMD-52520,singleParticle,2025,2.6,,5.3418803,4.123711,4.1254125,1.5867,1.66,not stated,
EMD-50867,singleParticle,2024,5.1,,9.67118,7.8802204,8.084074,1.5851,2.6024,cryoSPARC,
EMD-17773,subtomogramAveraging,2024,34.5,34.482758,57.471264,29.761906,54.64481,1.5839,15.2,other,
EMD-51017,singleParticle,2024,4.5,4.456328,9.930487,6.9396253,7.1073203,1.5794,2.8266,not stated,
EMD-39259,singleParticle,2025,4.4,4.4033465,9.250694,5.9382424,6.9444447,1.5783,1.66,not stated,
EMD-50872,singleParticle,2024,4.3,,8.496177,6.535948,6.7842607,1.5777,2.6024,cryoSPARC,
EMD-48034,singleParticle,2025,7.9,,12.437811,7.513148,12.437811,1.5744,2.38,not stated,
EMD-47812,singleParticle,2025,4.0,,7.92393,6.2617407,6.2972293,1.5743,2.2,cryoSPARC,C1
EMD-18788,singleParticle,2024,5.8,,9.124087,5.373455,9.124087,1.5731,2.32,not stated,
EMD-44661,singleParticle,2025,20.0,,31.74603,23.696682,31.44654,1.5723,3.34,not stated,
EMD-50568,subtomogramAveraging,2024,30.0,,47.16981,,47.16981,1.5723,25.12,not stated,C1
EMD-65492,subtomogramAveraging,2025,21.0,28.985508,33.0033,33.0033,33.0033,1.5716,9.86,RELION,C7
EMD-66005,subtomogramAveraging,2026,14.4,13.774105,30.487804,22.522522,22.624434,1.5711,5.44,other,C2
EMD-47474,singleParticle,2024,4.24,,7.8186083,6.4850845,6.65336,1.5692,2.06,cryoSPARC,
EMD-47818,singleParticle,2025,4.0,,7.8988943,6.238303,6.2735257,1.5684,2.2,cryoSPARC,C1
EMD-19260,singleParticle,2024,4.54,4.4984255,8.96861,7.0472164,7.117438,1.5677,1.6672,RELION,C1
EMD-44668,singleParticle,2025,20.0,,33.112583,18.281536,31.347963,1.5674,4.12,not stated,
EMD-53658,subtomogramAveraging,2026,7.3,7.2411294,11.441648,11.428572,11.441648,1.5673,4.0,RELION,C1
EMD-47809,singleParticle,2025,3.7,,7.7101,5.5340343,5.7971015,1.5668,2.2,cryoSPARC,C1
EMD-66003,subtomogramAveraging,2026,11.4,10.989011,26.954178,17.574692,17.857143,1.5664,5.44,other,C1
EMD-8940,singleParticle,2019,4.2,4.2265425,6.565988,5.78369,6.565988,1.5633,1.646,not stated,
EMD-44655,singleParticle,2025,20.0,,31.645569,30.211481,31.25,1.5625,4.12,not stated,C1
EMD-46733,singleParticle,2024,11.81,11.8063755,18.450184,10.245902,18.450184,1.5623,2.152,cryoSPARC,
EMD-50887,singleParticle,2024,4.6,,8.70322,7.0472164,7.173601,1.5595,2.6024,cryoSPARC,
EMD-66830,singleParticle,2026,2.58,,4.537205,4.029009,4.0225263,1.5591,1.52,cryoSPARC,
EMD-66004,subtomogramAveraging,2026,11.4,11.235955,27.027027,16.863407,17.76199,1.5581,5.44,other,C3
EMD-53773,subtomogramAveraging,2026,18.9,19.455254,33.898304,28.735632,29.411764,1.5562,4.0,RELION,C1
EMD-51136,singleParticle,2024,4.1,4.0716615,6.377551,4.032258,6.377551,1.5555,1.7024,not stated,
EMD-47535,singleParticle,2026,8.33,8.333333,12.953368,8.340283,12.953368,1.555,2.16,cryoSPARC,
EMD-55758,singleParticle,2026,4.5,,6.98324,,6.98324,1.5518,2.144,RELION,C1
EMD-48022,singleParticle,2024,12.1,,19.68504,11.876485,18.761726,1.5506,2.2,not stated,
EMD-47807,singleParticle,2025,3.7,,7.662835,4.9285364,5.727377,1.5479,2.2,cryoSPARC,C1
EMD-54043,subtomogramAveraging,2025,4.4,,7.1530757,6.671114,6.807352,1.5471,2.68,RELION,C1
EMD-44053,singleParticle,2025,3.58,3.582945,9.803922,5.249344,5.527916,1.5441,2.136,not stated,
EMD-43735,singleParticle,2025,3.79,,7.4626865,5.8445354,5.851375,1.5439,2.12,not stated,
EMD-37401,singleParticle,2023,6.29,,15.503876,9.487666,9.708738,1.5435,2.668,not stated,
EMD-37625,singleParticle,2024,4.3,4.314064,11.160714,6.640106,6.6181335,1.5391,2.664,cryoSPARC,C1
EMD-45735,singleParticle,2025,2.3,3.4989502,3.9323633,3.536068,3.5373187,1.538,1.686,not stated,
EMD-51524,singleParticle,2024,3.9,,9.21659,6.199628,5.995204,1.5372,1.294,not stated,
EMD-27914,singleParticle,2022,4.2,,7.9681277,6.430868,6.451613,1.5361,2.076,not stated,
EMD-38153,singleParticle,2024,8.45,8.453085,12.953368,7.082153,12.953368,1.5329,1.71,cryoSPARC,
EMD-48977,singleParticle,2025,4.5,4.502476,14.97006,6.8965516,6.8965516,1.5326,2.126,not stated,
EMD-48989,singleParticle,2025,4.49,4.490346,13.605442,6.6357,6.8728523,1.5307,2.126,not stated,
EMD-8941,singleParticle,2019,4.3,4.7551117,6.455778,5.9136605,6.5789475,1.53,2.088,not stated,
EMD-48014,singleParticle,2025,4.4,,12.953368,6.756757,6.7249494,1.5284,3.56,not stated,
EMD-46844,singleParticle,2025,11.0,,16.920473,16.778524,16.806723,1.5279,10.416,not stated,
EMD-53628,subtomogramAveraging,2026,7.1,6.98324,10.964912,10.893247,10.845987,1.5276,4.0,RELION,C1
EMD-19420,subtomogramAveraging,2024,19.6,18.903591,30.03003,19.047619,29.94012,1.5276,11.04,not stated,C1
EMD-49433,singleParticle,2026,4.5,,6.930007,4.553734,6.8681316,1.5263,1.688,not stated,
EMD-53665,subtomogramAveraging,2026,6.8,6.476684,10.493179,10.471204,10.373444,1.5255,4.0,RELION,C1
EMD-48991,singleParticle,2025,6.34,6.337136,16.447369,9.727627,9.67118,1.5254,2.126,not stated,
EMD-47816,singleParticle,2025,3.8,,7.621951,5.733945,5.78369,1.522,2.2,cryoSPARC,C1
EMD-46432,singleParticle,2025,4.8,,13.2626,7.2727275,7.2886295,1.5185,2.116,cryoSPARC,
EMD-54044,subtomogramAveraging,2025,5.3,,8.403361,7.9365077,8.045053,1.5179,2.68,RELION,C1
EMD-19969,singleParticle,2025,4.5,4.601933,8.70322,6.55308,6.8259387,1.5169,2.122,RELION,C3
EMD-18422,singleParticle,2024,6.9,6.9252076,10.638298,8.250825,10.460251,1.516,2.6,not stated,C11
EMD-38514,singleParticle,2024,4.1,4.154549,8.896797,6.2617407,6.21504,1.5159,2.2,not stated,
EMD-43045,singleParticle,2025,14.73,14.727541,22.321428,12.531328,22.321428,1.5154,4.04,other,C1
EMD-44659,singleParticle,2025,20.0,,31.948881,23.866348,30.30303,1.5152,3.96,not stated,
EMD-46447,singleParticle,2025,4.4,,12.70648,6.6755676,6.6666665,1.5152,2.116,cryoSPARC,
EMD-48003,singleParticle,2025,6.8,,10.298661,7.4294205,10.298661,1.5145,2.2,not stated,
EMD-47585,singleParticle,2024,15.0,,27.472527,16.129032,22.675737,1.5117,4.98,cryoSPARC,
EMD-53517,singleParticle,2025,3.9,4.231909,10.526316,5.8479533,5.8892813,1.5101,3.38,not stated,
EMD-27932,singleParticle,2022,4.1,,7.8125,6.127451,6.184292,1.5084,2.138,not stated,
EMD-63822,singleParticle,2025,4.17,,13.175231,6.2695923,6.289308,1.5082,2.08,not stated,
EMD-47133,singleParticle,2025,3.8,,9.165903,5.6465273,5.727377,1.5072,2.28,not stated,
EMD-53048,singleParticle,2025,4.7,4.730369,7.0671377,4.4483986,7.0671377,1.5036,2.12,cryoSPARC,C1
EMD-48574,singleParticle,2025,4.6,4.5558085,8.779632,6.9156294,6.9060774,1.5013,3.0,cryoSPARC,
EMD-54174,singleParticle,2025,4.7,,7.122507,7.0472164,7.052186,1.5005,2.138,cryoSPARC,
EMD-48980,singleParticle,2025,4.66,4.6620045,13.45895,6.9252076,6.98812,1.4996,2.126,not stated,
EMD-17770,subtomogramAveraging,2024,25.5,25.510204,54.347828,,38.16794,1.4968,15.2,other,
EMD-47861,singleParticle,2025,3.8,,7.5872536,5.6497173,5.685048,1.4961,2.2,cryoSPARC,C1
EMD-48036,singleParticle,2025,10.4,,18.48429,10.341262,15.552099,1.4954,2.38,not stated,
EMD-46011,singleParticle,2025,3.8,,7.9176564,5.4229937,5.681818,1.4952,2.2,cryoSPARC,
EMD-27917,singleParticle,2022,4.4,,8.103727,6.55308,6.565988,1.4923,2.2,not stated,
EMD-71228,singleParticle,2025,4.36,4.3572984,8.904719,6.3492064,6.506181,1.4922,2.74,not stated,
EMD-48981,singleParticle,2025,4.71,4.7058825,18.58736,6.8965516,7.022472,1.491,2.126,not stated,
EMD-48987,singleParticle,2025,4.4,4.4014087,10.131712,6.535948,6.557377,1.4903,2.126,not stated,
EMD-47592,singleParticle,2024,15.0,,22.321428,13.586957,22.321428,1.4881,4.98,cryoSPARC,
EMD-27928,singleParticle,2022,4.27,,8.347245,6.325111,6.3451777,1.486,2.138,not stated,
EMD-71202,subtomogramAveraging,2025,10.5,10.449321,15.600624,10.256411,15.600624,1.4858,10.0,RELION,C1
EMD-70180,subtomogramAveraging,2025,22.0,22.075056,32.36246,32.36246,32.679737,1.4854,8.4,not stated,C1
EMD-48973,singleParticle,2025,4.34,4.3383946,10.559662,6.464124,6.443299,1.4846,2.126,not stated,
EMD-44667,singleParticle,2025,20.0,,31.152649,27.93296,29.67359,1.4837,4.12,not stated,
EMD-43281,singleParticle,2024,4.2,4.2123,11.750881,6.2073245,6.22665,1.4825,1.64,not stated,C3
EMD-53631,subtomogramAveraging,2026,18.5,18.518518,28.011204,26.31579,27.39726,1.4809,4.0,RELION,C1
EMD-51804,subtomogramAveraging,2025,4.7,4.601933,7.256894,6.9686413,6.9589424,1.4806,3.84,RELION,C1
EMD-72025,singleParticle,2025,4.44,4.44247,8.1103,6.535948,6.56168,1.4779,2.588,cryoSPARC,
EMD-50874,singleParticle,2024,4.6,,9.587728,6.7430882,6.7934785,1.4768,2.6024,cryoSPARC,
EMD-47782,singleParticle,2025,5.4,,9.469697,7.949126,7.9617834,1.4744,2.2,cryoSPARC,C1
EMD-54526,subtomogramAveraging,2025,23.0,,33.898304,33.898304,33.898304,1.4738,17.6,other,C1
EMD-38024,singleParticle,2025,4.3,,8.1103,6.25,6.337136,1.4738,2.08,not stated,
EMD-44108,singleParticle,2024,4.5,4.531038,7.8431373,6.22665,6.6313,1.4736,2.06,RELION,C1
EMD-48988,singleParticle,2025,5.41,5.414185,11.834319,7.980846,7.9681277,1.4729,2.126,not stated,
EMD-75346,singleParticle,2026,4.74,4.7393365,6.9637885,5.1894135,6.9637885,1.4692,1.686,cryoSPARC,
EMD-47868,singleParticle,2025,3.7,,7.5471697,5.102041,5.4347825,1.4689,2.2,cryoSPARC,C1
EMD-21370,singleParticle,2020,3.8,3.9032006,5.580357,4.638219,5.580357,1.4685,1.296,other,
EMD-77603,singleParticle,2026,4.3,4.2973785,8.496177,6.277464,6.3131313,1.4682,2.1,cryoSPARC,
EMD-71230,singleParticle,2025,4.19,4.192872,8.833922,6.0240965,6.1500616,1.4678,2.74,not stated,
EMD-47865,singleParticle,2025,3.9,,7.5244546,5.4200544,5.7240987,1.4677,2.2,cryoSPARC,C1
EMD-50879,singleParticle,2024,3.9,,7.8308535,5.359057,5.7175527,1.466,2.6024,cryoSPARC,
EMD-50866,singleParticle,2024,3.9,,7.8308535,5.359057,5.714286,1.4652,2.6024,cryoSPARC,
EMD-46020,singleParticle,2025,3.8,3.8431976,7.9051385,5.5648303,5.5648303,1.4644,2.2,cryoSPARC,C1
EMD-48969,singleParticle,2025,4.94,4.943154,10.111223,7.1942444,7.230658,1.4637,2.126,not stated,
EMD-48970,singleParticle,2025,4.68,4.6838408,13.586957,6.8212824,6.849315,1.4635,2.126,not stated,
EMD-60245,singleParticle,2024,8.5,,12.437811,7.7700076,12.437811,1.4633,2.128,not stated,
EMD-49493,singleParticle,2025,9.52,9.514748,23.866348,8.96861,13.927577,1.463,2.6538668,not stated,
EMD-47789,singleParticle,2025,5.4,,9.407338,7.874016,7.8926597,1.4616,2.2,cryoSPARC,C1
EMD-38268,singleParticle,2024,2.6,,4.0816326,3.7907505,3.799392,1.4613,1.64,not stated,
EMD-72648,singleParticle,2026,3.48,3.4770515,5.09684,5.0454087,5.070994,1.4572,2.52,cryoSPARC,
EMD-46014,singleParticle,2025,3.9,3.8850038,7.8802204,5.688282,5.6785917,1.456,2.2,cryoSPARC,C1
EMD-54246,subtomogramAveraging,2025,25.0,,36.764706,36.764706,36.363636,1.4545,11.94,not stated,
EMD-60601,subtomogramAveraging,2025,16.0,15.698587,28.248587,,23.255814,1.4535,6.56,other,C3
EMD-48971,singleParticle,2025,4.32,4.3252597,9.514748,6.2227755,6.2695923,1.4513,2.126,not stated,
EMD-70636,helical,2026,3.64,3.6416607,6.134969,5.2882075,5.28262,1.4513,1.245,cryoSPARC,
EMD-48978,singleParticle,2025,4.49,4.4863167,10.214504,6.5274153,6.5104165,1.45,2.126,not stated,
EMD-48986,singleParticle,2025,4.77,4.766444,15.243902,6.9492702,6.9156294,1.4498,2.126,not stated,
EMD-44662,singleParticle,2025,20.0,,29.325514,21.186441,28.985508,1.4493,3.34,not stated,
EMD-47871,singleParticle,2025,4.0,,7.61035,5.790388,5.7971015,1.4493,2.2,cryoSPARC,C1
EMD-55480,singleParticle,2025,6.9,6.8166327,10.0,5.6561084,10.0,1.4493,1.48,cryoSPARC,
EMD-70179,subtomogramAveraging,2025,21.0,21.14165,30.959753,30.959753,30.395136,1.4474,8.4,RELION,C1
EMD-51824,subtomogramAveraging,2025,3.78,,5.479452,5.0251255,5.4704595,1.4472,3.002,not stated,C6
EMD-46027,singleParticle,2025,3.9,3.9200313,7.8186083,5.6306305,5.643341,1.447,2.2,cryoSPARC,C1
EMD-48876,subtomogramAveraging,2025,21.33,21.14165,30.674847,,30.864197,1.447,20.0,RELION,C1
EMD-45712,singleParticle,2025,6.7,6.6934404,10.559662,9.661836,9.689922,1.4463,2.68,cryoSPARC,
EMD-19287,singleParticle,2025,4.36,,9.803922,6.3131313,6.301197,1.4452,2.09,not stated,
EMD-47534,singleParticle,2026,8.48,8.481764,12.254902,8.319468,12.254902,1.4452,2.16,cryoSPARC,
EMD-53615,subtomogramAveraging,2026,7.2,7.1377587,10.427528,10.39501,10.39501,1.4438,4.0,RELION,C1
EMD-53118,singleParticle,2025,4.62,4.144219,9.302325,6.4935064,6.6666665,1.443,1.36,cryoSPARC,C1
EMD-43589,singleParticle,2024,4.78,4.784689,8.340283,6.6979237,6.8965516,1.4428,2.82,cryoSPARC,C1
EMD-51156,singleParticle,2025,4.63,4.63392,8.223684,6.671114,6.6755676,1.4418,2.608,cryoSPARC,C1
EMD-65263,singleParticle,2025,4.73,,9.276438,6.7430882,6.8166327,1.4411,2.12,cryoSPARC,
EMD-76863,subtomogramAveraging,2026,15.0,,20.08032,18.518518,21.598272,1.4399,5.628,other,
EMD-49995,singleParticle,2025,4.3,4.3383946,6.3451777,6.1500616,6.188119,1.4391,1.486,not stated,C1
EMD-48370,singleParticle,2025,3.1,4.3649063,7.535795,4.472272,4.458315,1.4382,2.2,cryoSPARC,
EMD-48963,singleParticle,2025,5.76,5.7570524,11.876485,8.196721,8.278146,1.4372,2.126,not stated,
EMD-51982,singleParticle,2025,4.49,4.490346,8.888889,6.535948,6.451613,1.4369,3.996,cryoSPARC,
EMD-66278,singleParticle,2026,12.37,12.376238,17.76199,11.261261,17.76199,1.4359,1.9,cryoSPARC,
EMD-47864,singleParticle,2025,4.1,,7.6045628,5.8962264,5.882353,1.4347,2.2,cryoSPARC,C1
EMD-62631,singleParticle,2025,2.77,,4.576659,3.9277298,3.9666798,1.432,2.21334,not stated,
EMD-72027,singleParticle,2025,4.16,4.1614647,7.3583517,4.4662795,5.955926,1.4317,2.588,cryoSPARC,
EMD-53111,singleParticle,2025,4.43,4.43459,9.67118,6.337136,6.341154,1.4314,1.36,cryoSPARC,C1
EMD-47405,singleParticle,2024,2.64,,6.2073245,3.7764351,3.7693179,1.4278,1.654,cryoSPARC,
EMD-53822,subtomogramAveraging,2026,10.3,10.741138,20.703934,14.662757,14.705882,1.4278,4.0,RELION,C1
EMD-43978,subtomogramAveraging,2025,10.8,10.6723585,28.901733,15.52795,15.40832,1.4267,6.93,not stated,
EMD-51822,subtomogramAveraging,2025,4.1,,5.8892813,5.574136,5.8479533,1.4263,3.002,not stated,C6
EMD-44309,singleParticle,2024,4.4,4.397537,8.038586,6.540222,6.2735257,1.4258,2.06,RELION,C1
EMD-47123,singleParticle,2024,8.2,8.156607,14.265335,11.737089,11.682243,1.4247,3.5956,not stated,
EMD-47583,singleParticle,2024,15.0,,21.367521,9.532888,21.367521,1.4245,4.98,cryoSPARC,
EMD-41511,singleParticle,2024,4.9,,7.651109,6.9492702,6.978367,1.4242,2.7,not stated,
EMD-48982,singleParticle,2025,6.99,6.993007,17.241379,10.0,9.950249,1.4235,2.126,not stated,
EMD-42778,subtomogramAveraging,2024,19.0,19.157087,27.027027,13.679891,27.027027,1.4225,10.8,other,
EMD-8242,singleParticle,2016,4.3,,7.751938,6.067961,6.116208,1.4224,2.62,RELION,
EMD-55409,subtomogramAveraging,2025,12.56,12.531328,18.518518,17.857143,17.857143,1.4217,6.0399994,RELION,C2
EMD-55016,subtomogramAveraging,2026,11.0,11.210762,26.666666,15.2207,15.625,1.4205,5.8,RELION,C1
EMD-75350,singleParticle,2026,4.01,4.0112314,5.6915197,4.050223,5.6915197,1.4193,0.84,cryoSPARC,
EMD-65471,subtomogramAveraging,2025,11.0,10.964912,19.607843,15.4798765,15.600624,1.4182,5.48,RELION,
EMD-17270,singleParticle,2024,4.7,4.6554933,6.6622252,4.8709207,6.6622252,1.4175,1.66399992,cryoSPARC,
EMD-17424,subtomogramAveraging,2024,8.0,7.9554496,17.301039,,11.325028,1.4156,7.0400004,RELION,C7
EMD-71229,singleParticle,2025,4.36,4.3572984,8.756567,6.1462817,6.165228,1.414,2.74,not stated,
EMD-78723,singleParticle,2026,2.9,,6.930007,4.091653,4.0983605,1.4132,1.65,cryoSPARC,
EMD-48964,singleParticle,2025,4.22,4.215852,9.23361,5.6401577,5.9630294,1.413,2.126,not stated,
EMD-44573,singleParticle,2024,4.4,4.416961,11.235955,5.3106747,6.21504,1.4125,2.1,cryoSPARC,
EMD-53424,singleParticle,2025,14.0,13.96648,20.08032,19.762846,19.762846,1.4116,6.38,cryoSPARC,
EMD-54517,singleParticle,2026,18.4,,28.818443,26.109661,25.974026,1.4116,11.04,RELION,C1
EMD-71226,singleParticle,2025,4.1,4.100041,8.3542185,5.7670126,5.787037,1.4115,2.74,not stated,C1
EMD-43588,singleParticle,2024,4.71,4.7058825,8.223684,6.535948,6.6445184,1.4107,2.82,cryoSPARC,C1
EMD-36868,singleParticle,2024,3.52,,6.2578225,4.86618,4.962779,1.4099,2.76,not stated,
EMD-50878,singleParticle,2024,4.7,,9.442871,6.3979526,6.6225166,1.409,2.6024,cryoSPARC,
EMD-19354,helical,2025,4.06,3.5650623,7.800312,5.694761,5.7175527,1.4083,1.40799988,RELION,
EMD-71231,singleParticle,2025,4.0,4.027386,8.298756,5.6179776,5.6306305,1.4077,2.74,not stated,
EMD-74697,singleParticle,2026,4.1,4.135649,8.103727,4.524887,5.7703404,1.4074,2.904,RELION,
EMD-45276,singleParticle,2025,6.2,6.2695923,8.718396,4.6838408,8.718396,1.4062,3.152,not stated,
EMD-47256,singleParticle,2025,3.2,,7.4183974,4.5065346,4.4964027,1.4051,1.9400002,cryoSPARC,
EMD-48962,singleParticle,2025,4.67,4.670715,9.541985,6.570302,6.56168,1.4051,2.126,not stated,
EMD-62858,singleParticle,2026,6.15,6.1538463,8.635578,6.5445027,8.635578,1.4042,2.13,cryoSPARC,
EMD-48967,singleParticle,2025,6.2,6.203474,13.2626,8.710801,8.70322,1.4037,2.126,not stated,
EMD-50461,singleParticle,2024,4.24,4.2390842,8.319468,5.7971015,5.94884,1.403,2.6026,not stated,
EMD-65463,subtomogramAveraging,2025,10.0,,17.513134,14.084507,14.025246,1.4025,5.48,not stated,
EMD-49025,singleParticle,2025,4.4,4.4033465,10.526316,6.21504,6.1614294,1.4003,2.126,not stated,
EMD-51010,singleParticle,2024,4.9,4.8947625,9.285051,6.8399453,6.8540096,1.3988,2.8266,not stated,
EMD-44007,singleParticle,2024,4.4,4.35161,7.930214,6.1500616,6.1500616,1.3977,2.16,cryoSPARC,
EMD-50875,singleParticle,2024,7.4,,22.075056,10.288066,10.341262,1.3975,2.6024,cryoSPARC,
EMD-17423,subtomogramAveraging,2024,7.6,7.633588,16.313213,,10.615711,1.3968,7.0400004,RELION,C7
EMD-76739,singleParticle,2026,7.51,,10.482181,6.8212824,10.482181,1.3958,1.94,cryoSPARC,
EMD-65237,singleParticle,2026,5.0,5.1466804,9.756098,6.98812,6.9735007,1.3947,4.368,cryoSPARC,
EMD-63328,singleParticle,2025,6.55,6.55308,9.132421,6.3979526,9.132421,1.3943,2.2,cryoSPARC,
EMD-45951,singleParticle,2024,12.0,12.254902,17.699116,11.587485,16.722408,1.3935,3.3280004,cryoSPARC,C1
EMD-42652,singleParticle,2024,4.72,,7.9176564,6.4892926,6.574622,1.3929,1.66,cryoSPARC,
EMD-33684,singleParticle,2022,4.4,,9.29368,6.1124697,6.1236987,1.3917,2.668,not stated,
EMD-52045,singleParticle,2025,4.63,,9.302325,6.451613,6.443299,1.3916,1.69368,not stated,
EMD-38519,singleParticle,2024,4.1,4.1407866,8.912656,5.643341,5.7012544,1.3905,2.2,not stated,
EMD-47536,singleParticle,2026,8.99,8.9928055,12.5,8.467401,12.5,1.3904,2.16,cryoSPARC,
EMD-47590,singleParticle,2025,3.2,,5.780347,4.4503784,4.4464207,1.3895,2.2,cryoSPARC,C1
EMD-67258,singleParticle,2026,7.18,,12.150668,7.8186083,9.97009,1.3886,1.712,cryoSPARC,
EMD-19353,helical,2025,3.0,2.9994001,4.2900043,3.9888313,4.1631975,1.3877,1.408,RELION,
EMD-16950,singleParticle,2024,5.26,5.263158,7.29927,5.136107,7.29927,1.3877,3.384,cryoSPARC,
EMD-39336,singleParticle,2025,4.33,,8.223684,6.031363,6.0060062,1.3871,2.11,not stated,
EMD-47743,subtomogramAveraging,2025,10.5,,14.556041,9.569378,14.556041,1.3863,6.68,other,
EMD-47546,singleParticle,2026,6.7,6.464124,9.285051,6.464124,9.285051,1.3858,2.16,cryoSPARC,
EMD-47356,singleParticle,2025,4.62,4.616805,6.385696,4.9726505,6.4020486,1.3857,1.68000006,cryoSPARC,C7
EMD-63627,singleParticle,2025,4.33,,9.250694,5.9417706,5.995204,1.3846,2.176,cryoSPARC,C1
EMD-52602,singleParticle,2025,4.7,4.697041,8.1103,5.662514,6.506181,1.3843,1.6490401,cryoSPARC,
EMD-62856,singleParticle,2026,4.53,4.531038,8.865249,6.0060062,6.2695923,1.384,2.104,cryoSPARC,
EMD-48937,singleParticle,2025,3.32,3.3189511,9.803922,4.606172,4.591368,1.3829,2.126,not stated,
EMD-42479,singleParticle,2024,3.4,,5.6116724,4.6926327,4.6948357,1.3808,2.08,not stated,
EMD-45776,singleParticle,2024,4.7,4.7281322,7.8492937,6.199628,6.480881,1.3789,2.24,not stated,
EMD-47872,singleParticle,2025,3.9,,7.4404764,4.9382715,5.376344,1.3785,2.2,cryoSPARC,C1
EMD-50817,singleParticle,2024,7.1,,9.98004,,9.784736,1.3781,6.88,not stated,
EMD-45698,singleParticle,2025,3.4,3.3955858,7.496252,4.6728973,4.681648,1.377,2.68,cryoSPARC,
EMD-17693,helical,2024,3.41,3.407155,4.6948357,3.960396,4.6948357,1.3768,2.64,RELION,
EMD-51019,singleParticle,2024,4.3,4.3421626,8.090615,5.9594755,5.9171596,1.3761,2.82666,not stated,
EMD-50205,singleParticle,2025,2.39,2.3872046,7.8492937,3.2743943,3.288392,1.3759,2.0054422,cryoSPARC,
EMD-60125,singleParticle,2025,4.9,4.8804293,7.861635,6.5876155,6.7385445,1.3752,1.66,not stated,
EMD-47580,singleParticle,2024,15.0,,20.618557,8.93655,20.618557,1.3746,4.98,cryoSPARC,
EMD-60454,subtomogramAveraging,2025,16.0,15.72327,22.779043,14.836795,21.978022,1.3736,7.04,not stated,
EMD-43592,singleParticle,2024,13.8,13.793103,59.88024,13.947001,18.939394,1.3724,8.68,not stated,
EMD-53613,subtomogramAveraging,2026,7.5,7.5075073,11.947432,10.277493,10.288066,1.3717,4.0,RELION,C1
EMD-42227,singleParticle,2024,2.3,,3.1505985,3.1505985,3.152585,1.3707,2.08,not stated,
EMD-70472,singleParticle,2025,10.88,,14.90313,10.515247,14.90313,1.3698,1.95406,not stated,
EMD-71502,singleParticle,2025,6.93,,9.765625,8.244023,9.487666,1.3691,1.438,cryoSPARC,
EMD-47404,singleParticle,2024,2.69,,4.385965,3.6589828,3.6818852,1.3687,1.673,cryoSPARC,
EMD-51169,singleParticle,2025,4.9,,8.340283,6.447453,6.702413,1.3678,1.778,cryoSPARC,C1
EMD-48979,singleParticle,2025,6.06,6.0642815,12.077294,8.298756,8.285005,1.3672,2.126,not stated,
EMD-65460,subtomogramAveraging,2025,9.9,,15.600624,13.586957,13.531799,1.3668,5.48,not stated,
EMD-74623,singleParticle,2026,4.7,4.6904316,9.23361,6.5104165,6.4226074,1.3665,2.05,RELION,
EMD-47577,singleParticle,2024,15.0,,27.100271,14.306151,20.491804,1.3661,4.98,cryoSPARC,
EMD-37395,singleParticle,2023,5.47,,10.504202,7.246377,7.46826,1.3653,5.336,not stated,
EMD-66106,singleParticle,2025,4.66,4.597701,8.920607,6.3979526,6.3613234,1.3651,2.95,not stated,
EMD-51841,singleParticle,2025,4.12,4.123711,10.416667,5.6179776,5.621135,1.3644,2.8266666,cryoSPARC,
EMD-18789,singleParticle,2024,4.4,,7.8186083,4.7755494,6.002401,1.3642,2.32,not stated,
EMD-19516,subtomogramAveraging,2024,16.6,,29.94012,14.450867,22.624434,1.3629,12.12,RELION,C2
EMD-65450,singleParticle,2025,4.5,4.4052863,7.64526,6.1387353,6.131208,1.3625,2.72,cryoSPARC,
EMD-15851,singleParticle,2022,2.0,2.683123,3.0093288,2.7129679,2.7240534,1.362,1.674,not stated,
EMD-42231,singleParticle,2024,2.0,,3.511236,2.7292576,2.7225702,1.3613,1.66399992,not stated,
EMD-38670,singleParticle,2024,4.7,4.6904316,9.9009905,6.377551,6.3979526,1.3613,2.64,not stated,
EMD-65716,singleParticle,2025,4.94,4.943154,8.605852,6.6934404,6.72043,1.3604,2.12,cryoSPARC,
EMD-43928,singleParticle,2025,6.46,6.4599485,8.787346,6.22665,8.787346,1.3603,1.054,not stated,C1
EMD-53812,subtomogramAveraging,2026,24.7,24.813896,36.630035,31.152649,33.55705,1.3586,4.0,RELION,C1
EMD-54018,singleParticle,2025,3.53,3.5285816,9.149131,4.789272,4.793864,1.358,2.74,cryoSPARC,C3
EMD-74308,singleParticle,2026,2.34,2.6157467,4.198153,3.17662,3.17662,1.3575,1.66,not stated,
EMD-19853,singleParticle,2024,7.7,,10.449321,6.877579,10.449321,1.3571,4.03125,not stated,
EMD-49019,singleParticle,2025,4.09,4.091653,9.302325,5.050505,5.5493894,1.3568,2.126,not stated,
EMD-45422,singleParticle,2025,6.43,,10.810811,8.710801,8.718396,1.3559,5.8050004,cryoSPARC,C1
EMD-42211,subtomogramAveraging,2024,11.4,11.223345,19.047619,15.52795,15.455951,1.3558,4.188,not stated,
EMD-50266,subtomogramAveraging,2024,11.4,11.494253,15.313935,15.313935,15.40832,1.3516,8.3,other,C1
EMD-51711,singleParticle,2025,2.09,2.0946796,3.971406,2.8200788,2.8216705,1.3501,1.87457132,cryoSPARC,
EMD-65474,subtomogramAveraging,2025,11.4,,18.281536,15.267176,15.384615,1.3495,5.48,not stated,
EMD-43387,singleParticle,2025,3.4,,7.7101,4.595588,4.5850525,1.3485,2.2,not stated,
EMD-53392,singleParticle,2025,7.0,6.9589424,10.0200405,9.02527,9.433962,1.3477,3.4,cryoSPARC,
EMD-52195,singleParticle,2025,4.8,,6.830601,6.393862,6.468305,1.3476,3.18,not stated,
EMD-53431,singleParticle,2025,4.8,4.8123198,7.4738417,6.389776,6.468305,1.3476,2.536,not stated,
EMD-51876,singleParticle,2026,3.0,,10.070494,4.030633,4.042037,1.3473,2.02,not stated,
EMD-45947,singleParticle,2024,13.0,12.903226,18.018019,11.627907,17.513134,1.3472,3.3280004,cryoSPARC,C1
EMD-17568,singleParticle,2024,4.4,4.456328,8.431704,5.837712,5.9241705,1.3464,2.14,cryoSPARC,
EMD-38026,singleParticle,2025,4.4,,8.984726,5.899705,5.9171596,1.3448,2.08,not stated,
EMD-65457,subtomogramAveraging,2025,16.1,,25.316456,21.73913,21.645021,1.3444,5.48,not stated,
EMD-37400,singleParticle,2023,5.85,,11.764706,7.7279754,7.861635,1.3439,2.668,not stated,
EMD-46431,singleParticle,2025,12.3,12.210012,28.653296,16.638935,16.528925,1.3438,5.32,not stated,C1
EMD-44098,singleParticle,2024,4.79,4.789272,8.467401,6.43915,6.4350066,1.3434,2.16,not stated,C1
EMD-60246,singleParticle,2024,6.9,,9.26784,6.0240965,9.26784,1.3432,2.128,not stated,
EMD-51950,singleParticle,2025,2.7,,6.4226074,3.6363637,3.6258159,1.3429,1.462,not stated,
EMD-42929,helical,2024,4.35,4.35161,6.7934785,5.8411217,5.837712,1.342,2.385,cryoSPARC,
EMD-51833,singleParticle,2025,7.06,7.0621467,17.452007,9.354537,9.469697,1.3413,4.24,cryoSPARC,
EMD-39866,singleParticle,2025,2.5,,3.5752592,3.360215,3.3489618,1.3396,1.86,cryoSPARC,
EMD-40342,singleParticle,2025,5.6,,8.019246,7.052186,7.48503,1.3366,2.12,not stated,
EMD-46059,singleParticle,2024,4.5,,8.05153,6.0060062,6.013229,1.3363,3.27,cryoSPARC,
EMD-8942,singleParticle,2019,4.1,4.066694,5.4764514,4.803074,5.4764514,1.3357,2.088,not stated,
EMD-16723,singleParticle,2024,9.36,9.319665,12.5,,12.5,1.3355,4.4,RELION,C17
EMD-47584,singleParticle,2024,15.0,,23.696682,14.326648,20.0,1.3333,4.98,cryoSPARC,
EMD-45696,singleParticle,2025,5.86,5.8548007,10.288066,7.800312,7.8125,1.3332,2.68,cryoSPARC,
EMD-65459,subtomogramAveraging,2025,15.5,,23.640661,20.618557,20.661158,1.333,5.48,not stated,
EMD-18317,singleParticle,2024,4.41,4.4130626,8.984726,5.7770076,5.8754406,1.3323,1.664,cryoSPARC,C1
EMD-47402,singleParticle,2024,2.47,,4.019293,3.2786884,3.288392,1.3313,1.674,cryoSPARC,
EMD-19596,singleParticle,2024,13.0,,20.920502,9.940358,17.301039,1.3308,6.96,not stated,
EMD-55203,subtomogramAveraging,2025,15.92,,22.988506,19.157087,21.186441,1.3308,4.6248,other,C1
EMD-44656,singleParticle,2025,20.0,,28.735632,25.906736,26.595745,1.3298,4.12,not stated,C1
EMD-36602,singleParticle,2024,4.15,4.1305246,6.7613254,5.4614964,5.51572,1.3291,2.142,not stated,
EMD-43998,singleParticle,2025,4.6,4.5934772,7.627765,5.3333335,6.105006,1.3272,2.09,RELION,C1
EMD-37072,singleParticle,2024,6.59,5.824112,8.741259,6.6181335,8.741259,1.3264,1.96,not stated,
EMD-72641,singleParticle,2026,4.18,4.1823506,5.5096416,5.506608,5.543237,1.3261,2.52,cryoSPARC,
EMD-76212,singleParticle,2026,6.0,,8.583691,7.9681277,7.9554496,1.3259,3.76,cryoSPARC,
EMD-75914,subtomogramAveraging,2026,7.2,6.849315,17.921146,9.532888,9.541985,1.3253,4.0,RELION,
EMD-47667,singleParticle,2024,2.79,2.792516,7.8864355,3.690037,3.6941264,1.3241,1.6586,cryoSPARC,
EMD-16931,singleParticle,2024,13.0,12.690355,18.726591,12.722647,17.211704,1.324,1.778,cryoSPARC,C1
EMD-55135,singleParticle,2026,2.2,2.8645086,3.1625555,2.9112082,2.9112082,1.3233,1.6780001,other,
EMD-46977,helical,2025,5.6,,7.097232,5.9031878,7.4074073,1.3228,3.4,not stated,
EMD-75921,subtomogramAveraging,2026,7.0,,13.404826,9.26784,9.259259,1.3228,4.0,RELION,
EMD-70040,singleParticle,2025,12.0,11.961722,21.786493,12.210012,15.873015,1.3228,7.36,cryoSPARC,C2
EMD-75912,subtomogramAveraging,2026,6.9,6.9204154,15.923567,9.149131,9.124087,1.3223,4.0,RELION,
EMD-44840,singleParticle,2024,4.3,,8.169934,5.4734535,5.685048,1.3221,2.222754,not stated,
EMD-56009,singleParticle,2026,4.5,5.7670126,8.467401,5.9453034,5.94884,1.322,2.17,cryoSPARC,C1
EMD-52570,singleParticle,2025,4.5,4.456328,7.782101,5.2273917,5.94884,1.322,2.12,not stated,
EMD-55529,singleParticle,2025,5.8,5.750431,19.569471,7.6804914,7.662835,1.3212,3.3240002,cryoSPARC,
EMD-78725,singleParticle,2026,2.9,,7.1073203,3.8358266,3.8255546,1.3192,1.65,cryoSPARC,
EMD-72447,singleParticle,2025,4.5,4.526935,8.305648,4.6948357,5.934718,1.3188,2.66,RELION,
EMD-19512,singleParticle,2024,4.7,4.6750817,7.92393,6.2227755,6.195787,1.3183,3.0,not stated,
EMD-38671,singleParticle,2024,4.7,4.714757,10.822511,6.2578225,6.195787,1.3183,2.64,not stated,
EMD-19259,singleParticle,2024,4.74,5.7670126,8.802817,6.337136,6.246096,1.3177,1.6672,RELION,C3
EMD-51918,singleParticle,2024,7.29,7.293946,9.606148,7.1530757,9.606148,1.3177,5.18,cryoSPARC,
EMD-67124,singleParticle,2026,4.55,4.553734,8.196721,5.966587,5.995204,1.3176,2.72,cryoSPARC,
EMD-44568,singleParticle,2024,6.3,6.2617407,17.006804,8.130081,8.298756,1.3173,2.1,cryoSPARC,
EMD-66288,singleParticle,2025,3.19,,4.5620437,4.185852,4.2016807,1.3171,1.92,cryoSPARC,
EMD-53772,subtomogramAveraging,2026,18.3,18.05054,27.70083,22.727272,24.096386,1.3167,4.0,RELION,C1
EMD-53113,singleParticle,2025,4.33,4.330879,9.523809,5.7240987,5.7012544,1.3167,1.36,cryoSPARC,C1
EMD-48372,singleParticle,2025,3.9,,6.9348125,4.9975014,5.13347,1.3163,2.536,RELION,C5
EMD-76348,singleParticle,2026,4.32,4.3215213,6.7658997,5.0454087,5.685048,1.316,2.86,cryoSPARC,
EMD-19520,subtomogramAveraging,2024,15.4,,28.985508,14.285714,20.242914,1.3145,12.12,RELION,C2
EMD-77810,singleParticle,2026,8.9,8.880995,11.695907,8.635578,11.695907,1.3141,1.888,cryoSPARC,
EMD-43349,helical,2025,6.4,6.3734865,8.510638,8.403361,8.410429,1.3141,3.336,RELION,
EMD-52160,subtomogramAveraging,2025,30.7,39.840637,40.16064,40.16064,40.322582,1.3134,21.456,other,C1
EMD-65496,singleParticle,2025,7.3,7.293946,15.698587,9.615385,9.587728,1.3134,2.72,cryoSPARC,
EMD-62137,singleParticle,2025,5.65,5.934718,7.4183974,5.973716,7.4183974,1.313,1.71,not stated,
EMD-47397,singleParticle,2024,3.49,,7.9554496,4.580852,4.580852,1.3126,1.674,cryoSPARC,
EMD-16921,singleParticle,2024,3.1,6.1538463,6.1690316,4.063389,4.0683484,1.3124,2.04,not stated,
EMD-44308,singleParticle,2024,4.4,4.3840423,8.025682,5.249344,5.773672,1.3122,2.06,RELION,C1
EMD-80886,singleParticle,2026,3.9,3.8654811,6.1500616,5.144033,5.1150894,1.3116,1.87199986,cryoSPARC,
EMD-52162,subtomogramAveraging,2025,34.2,44.84305,44.84305,44.84305,44.84305,1.3112,21.456,other,C1
EMD-53112,singleParticle,2025,4.36,4.3572984,9.140768,5.694761,5.714286,1.3106,1.36,cryoSPARC,C1
EMD-48646,singleParticle,2025,5.3,,18.05054,6.9589424,6.9444447,1.3103,2.116,cryoSPARC,
EMD-51821,subtomogramAveraging,2025,3.79,,4.9925113,4.92126,4.9652433,1.3101,3.002,not stated,C6
EMD-47862,singleParticle,2025,3.7,,7.4571214,4.830918,4.844961,1.3094,2.2,cryoSPARC,C1
EMD-51724,singleParticle,2025,2.8,,7.002801,3.6563072,3.6656892,1.3092,1.668,RELION,
EMD-17344,singleParticle,2024,5.2,,6.954103,5.685048,6.807352,1.3091,1.708,RELION,
EMD-77710,singleParticle,2026,5.24,,6.858711,5.2383447,6.858711,1.3089,2.9756,cryoSPARC,
EMD-46715,singleParticle,2025,20.0,,26.17801,13.333333,26.17801,1.3089,4.1,RELION,C1
EMD-44385,subtomogramAveraging,2025,12.0,12.285012,21.73913,15.243902,15.698587,1.3082,3.52,not stated,C3
EMD-46007,singleParticle,2025,3.5,3.5198874,7.8678207,4.589261,4.576659,1.3076,2.2,cryoSPARC,C1
EMD-65261,singleParticle,2025,4.52,,8.271298,5.9171596,5.9101653,1.3076,2.12,cryoSPARC,
EMD-19999,subtomogramAveraging,2024,5.6,,8.169934,7.2886295,7.3206444,1.3073,3.26,RELION,C2
EMD-73612,singleParticle,2026,5.01,5.007511,7.002801,5.058169,6.540222,1.3054,1.712,cryoSPARC,
EMD-73600,singleParticle,2026,6.5,,8.481764,6.075334,8.481764,1.3049,2.964,cryoSPARC,
EMD-36434,helical,2024,9.8,,13.192612,11.494253,12.787724,1.3049,3.42,RELION,
EMD-46036,singleParticle,2025,3.4,3.381806,7.627765,4.4385266,4.43459,1.3043,2.2,cryoSPARC,C1
EMD-18786,singleParticle,2024,6.1,,11.389522,7.4626865,7.9554496,1.3042,2.7,not stated,
EMD-38163,subtomogramAveraging,2024,12.0,,15.649452,,15.649452,1.3041,5.32,other,I
EMD-46057,singleParticle,2024,4.4,,7.2202168,5.7175527,5.733945,1.3032,3.27,not stated,
EMD-48976,singleParticle,2025,5.86,5.8582306,10.570825,7.627765,7.633588,1.3027,2.126,not stated,
EMD-47869,singleParticle,2025,3.7,,7.352941,4.7103157,4.8192773,1.3025,2.2,cryoSPARC,C1
EMD-65171,subtomogramAveraging,2026,16.0,15.72327,31.74603,20.53388,20.833334,1.3021,8.88,RELION,
EMD-71056,helical,2026,5.32,5.324814,9.009009,6.7658997,6.9252076,1.3017,1.64800012,cryoSPARC,
EMD-49504,singleParticle,2025,2.9,3.4281797,7.7942324,3.7593985,3.7750094,1.3017,2.148,cryoSPARC,C1
EMD-52633,subtomogramAveraging,2025,13.0,13.315579,17.421602,16.891891,16.920473,1.3016,4.42,RELION,C1
EMD-55236,singleParticle,2025,6.0,5.9630294,7.6745973,5.1177073,7.8064013,1.3011,1.658,cryoSPARC,C1
EMD-44571,singleParticle,2024,5.2,5.194805,11.086474,6.7613254,6.7613254,1.3003,2.1,cryoSPARC,
EMD-53667,subtomogramAveraging,2026,10.7,10.152285,18.726591,13.908206,13.908206,1.2998,4.0,RELION,C1
EMD-40258,singleParticle,2025,4.1,,6.6181335,5.727377,5.324814,1.2987,2.12,not stated,
EMD-50515,singleParticle,2024,10.0,10.060362,12.987013,7.2886295,12.987013,1.2987,4.36,cryoSPARC,C1
EMD-50795,singleParticle,2024,5.11,5.1124744,8.680555,6.285355,6.6357,1.2986,1.29,not stated,
EMD-44730,singleParticle,2025,3.97,,8.0,5.144033,5.1546392,1.2984,1.66,not stated,
EMD-47403,singleParticle,2024,2.56,,4.030633,3.3057852,3.3233633,1.2982,1.67,cryoSPARC,
EMD-47406,singleParticle,2024,2.65,,4.196391,3.4435263,3.4399724,1.2981,1.655,cryoSPARC,
EMD-63329,singleParticle,2025,6.86,6.863418,8.904719,6.993007,8.904719,1.2981,2.2,cryoSPARC,
EMD-45138,singleParticle,2024,12.0,12.019231,15.576324,8.873115,15.576324,1.298,2.06,not stated,
EMD-46683,singleParticle,2025,19.0,,26.5252,,24.630543,1.2963,13.6,cryoSPARC,
EMD-50206,singleParticle,2025,2.55,2.5503697,8.019246,3.30251,3.3046927,1.296,2.0054422,cryoSPARC,
EMD-51836,singleParticle,2025,4.16,4.1562757,9.389671,5.3561864,5.390836,1.2959,2.8266666,cryoSPARC,
EMD-63640,singleParticle,2025,3.81,3.8066235,9.727627,4.9455986,4.935834,1.2955,2.2,not stated,
EMD-36321,singleParticle,2024,2.45,,4.180602,3.1746032,3.1735957,1.2953,2.38,not stated,C1
EMD-51742,subtomogramAveraging,2025,20.0,,25.906736,20.79002,25.906736,1.2953,16.026,RELION,C1
EMD-51958,singleParticle,2025,2.9,,7.082153,3.7878788,3.7537537,1.2944,1.462,not stated,
EMD-50209,singleParticle,2025,2.21,2.2148395,6.9013114,2.8636885,2.8595939,1.2939,2.0054422,cryoSPARC,
EMD-19899,singleParticle,2024,7.6,7.5930142,9.99001,7.541478,9.832842,1.2938,3.62,not stated,C15
EMD-72020,singleParticle,2026,5.5,5.546312,8.467401,6.377551,7.1123757,1.2932,2.588,cryoSPARC,
EMD-60819,singleParticle,2026,3.2,,10.224949,4.1339397,4.1373606,1.2929,1.62,not stated,
EMD-44289,singleParticle,2025,3.3,3.2478077,4.330879,4.2589436,4.2662115,1.2928,1.6,other,
EMD-51823,subtomogramAveraging,2025,4.05,,5.2438383,4.96771,5.235602,1.2927,3.002,not stated,C6
EMD-43110,singleParticle,2024,3.32,,6.5316787,4.2955327,4.2900043,1.2922,2.8,cryoSPARC,C4
EMD-42209,subtomogramAveraging,2024,10.9,10.905126,18.656717,14.204545,14.084507,1.2922,4.188,not stated,
EMD-61637,subtomogramAveraging,2025,12.0,11.454754,15.948963,15.576324,15.503876,1.292,4.84,RELION,C1
EMD-62857,singleParticle,2026,4.3,4.3103447,8.826125,5.592841,5.5555553,1.292,2.104,cryoSPARC,C1
EMD-70039,singleParticle,2025,11.4,11.350738,19.34236,11.641443,14.727541,1.2919,7.36,cryoSPARC,C2
EMD-34359,singleParticle,2022,5.04,,8.620689,6.3572793,6.5104165,1.2917,2.6679998,not stated,
EMD-51525,singleParticle,2024,5.0,4.784689,6.5104165,6.4599485,6.451613,1.2903,4.172,RELION,
EMD-47606,singleParticle,2024,2.42,2.4213076,6.455778,3.1201248,3.1220732,1.2901,1.6586,cryoSPARC,
EMD-44623,singleParticle,2024,4.9,4.943154,10.976949,5.934718,6.3211126,1.29,2.1,cryoSPARC,
EMD-45516,singleParticle,2024,4.7,,8.453085,5.980861,6.060606,1.2895,1.326,not stated,
EMD-64290,singleParticle,2026,4.53,4.524887,7.5528703,5.8139534,5.8411217,1.2894,2.11,cryoSPARC,
EMD-60027,singleParticle,2025,6.95,,8.960573,5.524862,8.960573,1.2893,1.72,not stated,
EMD-45790,singleParticle,2025,9.26,9.259259,21.097046,11.337869,11.933174,1.2887,5.3,not stated,
EMD-48990,singleParticle,2025,4.94,4.943154,19.53125,6.4102564,6.365372,1.2885,2.126,not stated,
EMD-42066,singleParticle,2024,5.32,5.2603893,8.688097,6.9060774,6.8540096,1.2883,1.918,cryoSPARC,C1
EMD-47860,singleParticle,2025,3.6,,7.315289,4.6425257,4.636069,1.2878,2.2,cryoSPARC,C1
EMD-51030,subtomogramAveraging,2024,14.2,14.064697,18.281536,18.281536,18.281536,1.2874,8.3,other,C1
EMD-75916,subtomogramAveraging,2026,7.2,7.1890726,13.404826,9.276438,9.26784,1.2872,4.0,RELION,
EMD-44608,singleParticle,2024,4.7,4.6904316,11.709601,5.9880238,6.049607,1.2872,2.1,cryoSPARC,
EMD-40340,singleParticle,2025,5.3,,7.1942444,6.7114096,6.8212824,1.287,2.12,not stated,
EMD-48985,singleParticle,2025,5.86,5.861665,10.775862,7.5301204,7.541478,1.2869,2.126,not stated,
EMD-72624,singleParticle,2026,2.72,,4.3572984,3.4989502,3.500175,1.2868,1.656,cryoSPARC,
EMD-53076,singleParticle,2025,2.9,,7.087172,3.7188547,3.7313433,1.2867,1.98000014,not stated,
EMD-47867,singleParticle,2025,3.6,,7.23589,4.631774,4.631774,1.2866,2.2,cryoSPARC,C1
EMD-8943,singleParticle,2019,3.6,3.557453,5.0454087,4.6232085,4.631774,1.2866,1.6459999,not stated,
EMD-51714,singleParticle,2025,2.09,2.0920503,3.7878788,2.6845639,2.6888947,1.2866,1.87457132,cryoSPARC,
EMD-48636,singleParticle,2025,39.07,38.314175,50.251255,28.40909,50.251255,1.2862,13.9546,RELION,
EMD-73165,singleParticle,2025,2.7,2.7078257,4.3327556,3.468609,3.4722223,1.286,1.66,cryoSPARC,
EMD-72999,singleParticle,2025,2.4,2.354049,3.3311126,3.0759766,3.0864198,1.286,1.668,cryoSPARC,C12
EMD-46029,singleParticle,2025,3.6,3.6023054,7.70416,4.601933,4.6296296,1.286,2.2,cryoSPARC,C1
EMD-44090,singleParticle,2025,3.26,,4.2462845,3.3990483,4.191115,1.2856,1.328,not stated,
EMD-47803,singleParticle,2025,3.4,,6.9735007,4.382121,4.3706293,1.2855,2.2,cryoSPARC,
EMD-51705,singleParticle,2025,2.24,2.2366362,4.0866365,2.8694406,2.8785262,1.2851,1.87457132,cryoSPARC,
EMD-58684,singleParticle,2026,3.15,3.1505985,7.2150073,4.0469446,4.0469446,1.2847,1.92924,cryoSPARC,C1
EMD-19599,subtomogramAveraging,2024,18.0,17.605635,24.038462,22.779043,23.094688,1.283,5.2,RELION,
EMD-47863,singleParticle,2025,3.4,,6.6666665,4.35161,4.361099,1.2827,2.2,cryoSPARC,C1
EMD-77586,singleParticle,2026,2.5,2.541296,5.8479533,3.2113037,3.2051282,1.2821,2.1,cryoSPARC,C1
EMD-48634,singleParticle,2025,27.58,27.100271,35.33569,35.21127,35.33569,1.2812,13.7904,RELION,
EMD-42651,singleParticle,2024,4.39,,7.782101,5.546312,5.624297,1.2812,1.66,cryoSPARC,
EMD-72011,singleParticle,2026,6.26,6.2578225,8.064516,6.35324,8.019246,1.281,2.588,cryoSPARC,
EMD-55180,singleParticle,2026,2.89,2.8926816,5.9988003,3.6859565,3.7009623,1.2806,1.672,cryoSPARC,
EMD-52052,subtomogramAveraging,2025,4.9,4.914005,6.3091483,6.0240965,6.2735257,1.2803,3.0,not stated,C6
EMD-19902,singleParticle,2024,7.3,7.336757,9.380863,6.0938454,9.345795,1.2802,3.62,not stated,C18
EMD-45592,subtomogramAveraging,2025,5.9,5.9136605,7.616146,7.535795,7.5528703,1.2801,4.322,RELION,
EMD-47357,singleParticle,2024,2.12,,3.3189511,2.713704,2.712232,1.2794,1.666,not stated,
EMD-50885,singleParticle,2024,4.2,,7.0921984,5.3648067,5.370569,1.2787,2.6024,cryoSPARC,
EMD-49031,singleParticle,2025,4.28,4.280822,9.910803,5.482456,5.4704595,1.2781,2.126,not stated,
EMD-43591,singleParticle,2024,5.05,5.0251255,8.3125515,6.443299,6.451613,1.2775,2.82,cryoSPARC,C1
EMD-39986,singleParticle,2025,2.96,2.9559562,5.952381,3.770739,3.7807183,1.2773,2.122,not stated,
EMD-46736,singleParticle,2024,7.91,7.9051385,11.750881,7.942812,10.10101,1.277,2.182,cryoSPARC,
EMD-63913,singleParticle,2025,4.64,4.638219,7.2516317,5.837712,5.9241705,1.2768,2.1,cryoSPARC,
EMD-47544,singleParticle,2026,7.68,7.6804914,9.803922,7.581501,9.803922,1.2766,2.16,cryoSPARC,
EMD-61219,singleParticle,2025,5.56,5.558644,7.1123757,7.087172,7.097232,1.2765,2.74,not stated,
EMD-57309,singleParticle,2026,4.59,,6.8870525,5.8479533,5.8582306,1.2763,3.804,cryoSPARC,
EMD-47946,singleParticle,2025,5.9,,8.196721,6.7704806,7.5301204,1.2763,1.88800014,cryoSPARC,
EMD-48965,singleParticle,2025,6.27,6.2695923,10.869565,7.9681277,8.0,1.2759,2.126,not stated,
EMD-52279,singleParticle,2025,3.01,3.0057108,8.849558,3.8358266,3.8402457,1.2758,1.6559999,not stated,
EMD-60715,singleParticle,2025,6.03,6.0240965,10.0,7.6394196,7.6923075,1.2757,2.122,not stated,
EMD-54239,subtomogramAveraging,2025,7.3,,9.560229,9.523809,9.3109865,1.2755,5.356,other,C1
EMD-73626,helical,2026,3.69,3.6927621,4.7505937,4.014452,4.7058825,1.2753,2.114,RELION,
EMD-36435,helical,2024,11.0,,14.025246,4.9975014,14.025246,1.275,3.42,RELION,
EMD-72647,singleParticle,2026,3.94,3.937008,5.0251255,5.0251255,5.0226016,1.2748,2.52,cryoSPARC,
EMD-51706,singleParticle,2025,2.41,2.4125452,4.541326,3.07031,3.0721967,1.2748,1.87457132,cryoSPARC,
EMD-44609,singleParticle,2024,4.9,4.8756704,13.550136,6.5019507,6.246096,1.2747,2.1,cryoSPARC,
EMD-65631,subtomogramAveraging,2025,15.0,,23.866348,19.08397,19.120459,1.2747,5.18,RELION,C6
EMD-73601,singleParticle,2026,9.5,,12.106538,9.372071,12.106538,1.2744,2.964,cryoSPARC,
EMD-53089,singleParticle,2025,7.2,7.315289,9.460738,7.5018754,9.174312,1.2742,2.1,cryoSPARC,
EMD-44740,singleParticle,2024,10.0,9.871668,12.738853,5.9382424,12.738853,1.2739,4.4,RELION,C3
EMD-44792,singleParticle,2024,3.5,,7.5244546,4.4603033,4.458315,1.2738,2.392,not stated,C22
EMD-19271,singleParticle,2024,4.6,4.5829515,7.29927,5.8411217,5.8582306,1.2735,2.08,RELION,C5
EMD-48946,singleParticle,2025,3.13,,9.057971,3.965107,3.9856517,1.2734,2.126,not stated,
EMD-50000,subtomogramAveraging,2024,6.8,,8.658009,8.658009,8.658009,1.2732,6.788,RELION,C2
EMD-17426,subtomogramAveraging,2024,11.9,11.587485,21.097046,12.642225,15.151515,1.2732,7.04,RELION,D7
EMD-75920,subtomogramAveraging,2026,7.2,7.1073203,16.129032,9.225092,9.165903,1.273,4.0,RELION,
EMD-19507,singleParticle,2024,3.8,3.7650602,8.064516,4.784689,4.83559,1.2725,2.98,not stated,
EMD-71595,singleParticle,2025,4.46,,6.385696,5.5524707,5.675369,1.2725,2.3,cryoSPARC,
EMD-65464,subtomogramAveraging,2025,9.9,,14.641289,12.42236,12.594459,1.2722,5.48,not stated,
EMD-46037,singleParticle,2025,3.4,3.4013605,7.2780204,4.3233895,4.3252597,1.2721,2.2,cryoSPARC,C1
EMD-73170,singleParticle,2025,2.3,2.344666,3.7864444,2.921414,2.9256876,1.272,1.66,cryoSPARC,
EMD-53183,singleParticle,2025,4.38,4.3802013,8.410429,5.5648303,5.5710306,1.2719,1.69999992,not stated,
EMD-57188,helical,2026,3.6,3.664346,6.540222,4.5934772,4.5787544,1.2719,2.2,RELION,
EMD-49011,singleParticle,2025,4.2,4.196391,9.090909,5.279831,5.3390284,1.2712,2.126,not stated,
EMD-72449,singleParticle,2025,4.8,4.796163,7.117438,6.097561,6.101281,1.2711,2.66,RELION,
EMD-47050,singleParticle,2025,4.9,4.9236827,7.686395,6.1728396,6.22665,1.2707,2.64,cryoSPARC,C1
EMD-52458,singleParticle,2025,3.7,3.690037,4.7393365,4.7014575,4.7014575,1.2707,1.84,not stated,
EMD-60691,singleParticle,2025,4.6,4.597701,7.627765,5.8685446,5.8445354,1.2706,1.86,cryoSPARC,C1
EMD-39764,singleParticle,2024,4.28,4.280822,10.626992,5.4614964,5.437738,1.2705,2.28,cryoSPARC,C1
EMD-48992,singleParticle,2025,6.07,6.0716453,18.083183,7.581501,7.7101,1.2702,2.126,not stated,
EMD-45297,singleParticle,2024,6.84,8.032128,17.452007,8.56898,8.688097,1.2702,2.1,cryoSPARC,
EMD-63912,singleParticle,2025,4.67,4.6728973,7.3046017,5.9417706,5.931198,1.2701,2.1,cryoSPARC,
EMD-54700,singleParticle,2026,6.8,,8.635578,5.7670126,8.635578,1.2699,1.36,cryoSPARC,
EMD-46012,singleParticle,2025,3.5,3.4770515,7.4460163,4.4464207,4.4444447,1.2698,2.2,cryoSPARC,
EMD-75100,singleParticle,2026,7.0,,8.888889,7.122507,8.888889,1.2698,4.352,cryoSPARC,
EMD-53487,singleParticle,2025,4.1,5.1840334,5.205622,4.194631,5.205622,1.2697,1.66,cryoSPARC,
EMD-43111,singleParticle,2024,3.17,,4.5454545,4.020909,4.0241446,1.2694,2.8,cryoSPARC,C8
EMD-19183,singleParticle,2025,1.42,,1.9751135,1.8021265,1.8024514,1.2693,0.921,not stated,
EMD-50448,singleParticle,2024,3.6,,10.449321,4.568296,4.568296,1.269,3.0114,cryoSPARC,
EMD-37619,singleParticle,2024,3.7,3.7467215,16.528925,4.6728973,4.6948357,1.2689,2.664,cryoSPARC,C1
EMD-50652,singleParticle,2025,3.38,,8.841733,4.2753315,4.2881646,1.2687,2.09,not stated,
EMD-42758,singleParticle,2024,6.01,,8.496177,7.3746314,7.621951,1.2682,1.66,cryoSPARC,
EMD-71724,singleParticle,2026,2.09,2.093364,3.4843206,2.6455026,2.6497085,1.2678,1.46,cryoSPARC,
EMD-50459,singleParticle,2024,4.77,4.7732697,7.993605,6.0096154,6.045949,1.2675,2.6026,not stated,
EMD-53830,subtomogramAveraging,2026,7.16,7.147963,14.124293,9.049774,9.07441,1.2674,4.0,RELION,C1
EMD-70983,singleParticle,2025,6.1,,10.0200405,7.7579517,7.7279754,1.2669,2.2,cryoSPARC,C1
EMD-55659,singleParticle,2026,2.91,2.9129043,3.6859565,3.2626426,3.6859565,1.2667,1.7024,cryoSPARC,
EMD-40343,singleParticle,2025,6.4,,8.3125515,7.204611,8.103727,1.2662,2.12,not stated,
EMD-74306,singleParticle,2026,2.29,2.2888532,3.9308176,2.8960323,2.8993912,1.2661,1.66,not stated,
EMD-52156,subtomogramAveraging,2025,31.1,39.68254,39.68254,39.68254,39.37008,1.2659,21.456,other,C1
EMD-51802,subtomogramAveraging,2025,5.1,5.0428643,7.1942444,6.4267354,6.455778,1.2658,3.84,RELION,C1
EMD-50395,singleParticle,2024,4.9,4.916421,13.755158,6.090134,6.199628,1.2652,3.72,not stated,
EMD-18384,helical,2024,5.1,5.073567,6.6979237,5.621135,6.451613,1.265,2.6,not stated,
EMD-47396,singleParticle,2024,2.35,,3.7243948,2.9708853,2.9726517,1.265,1.674,cryoSPARC,
EMD-46735,singleParticle,2024,4.69,4.6926327,8.298756,5.8582306,5.931198,1.2646,2.152,cryoSPARC,
EMD-75646,singleParticle,2026,3.82,3.8182511,9.090909,4.830918,4.830918,1.2646,2.8,cryoSPARC,
EMD-44626,singleParticle,2024,5.3,5.2714815,11.248594,6.6979237,6.702413,1.2646,2.1,cryoSPARC,
EMD-51513,singleParticle,2025,5.11,,6.4599485,4.8496604,6.4599485,1.2642,1.82,cryoSPARC,C1
EMD-53060,singleParticle,2026,3.05,3.0543678,4.8123198,3.8476336,3.85505,1.264,1.658,not stated,
EMD-43634,singleParticle,2025,6.0,5.991612,8.726004,7.581501,7.581501,1.2636,4.32,cryoSPARC,C4
EMD-52158,subtomogramAveraging,2025,33.4,42.19409,42.372883,42.372883,42.19409,1.2633,21.456,other,C1
EMD-51597,singleParticle,2024,3.1,3.0769231,9.587728,3.90625,3.9154267,1.263,1.68,not stated,
EMD-51840,singleParticle,2025,5.38,5.390836,11.961722,6.570302,6.7934785,1.2627,2.8266666,cryoSPARC,
EMD-47683,singleParticle,2025,3.27,3.270111,6.188119,4.1152263,4.128819,1.2626,2.6638,cryoSPARC,
EMD-19518,subtomogramAveraging,2024,18.05,,32.05128,17.391304,22.779043,1.262,12.12,RELION,C2
EMD-46033,singleParticle,2025,3.7,3.7313433,7.64526,4.6663556,4.6663556,1.2612,2.2,cryoSPARC,C1
EMD-72382,singleParticle,2025,6.57,,8.643043,5.586592,8.285005,1.261,1.58,cryoSPARC,
EMD-18472,singleParticle,2024,4.7,4.7103157,8.077544,5.9171596,5.9241705,1.2605,2.2,not stated,
EMD-60357,singleParticle,2025,3.24,3.2372937,8.733624,4.100041,4.083299,1.2603,2.4,cryoSPARC,
EMD-61638,subtomogramAveraging,2025,12.7,12.437811,17.985611,15.873015,16.0,1.2598,4.84,RELION,C1
EMD-50886,singleParticle,2024,7.1,,10.989011,8.810573,8.944544,1.2598,2.6024,cryoSPARC,
EMD-47235,singleParticle,2024,9.0,8.960573,11.904762,10.204082,11.337869,1.2598,1.352,not stated,
EMD-52163,subtomogramAveraging,2025,30.2,38.02281,38.02281,38.02281,38.02281,1.259,21.456,other,C1
EMD-42071,singleParticle,2024,5.7,,7.173601,5.6980057,7.173601,1.2585,4.16,not stated,
EMD-74621,singleParticle,2026,5.9,5.9066744,9.372071,7.48503,7.423905,1.2583,2.05,RELION,
EMD-53974,singleParticle,2025,2.4,2.7404768,7.1123757,3.0312216,3.0193236,1.2581,1.82,cryoSPARC,
EMD-65185,singleParticle,2026,4.38,4.3763676,5.5096416,4.3402777,5.5096416,1.2579,1.92,cryoSPARC,
EMD-51731,subtomogramAveraging,2024,18.8,,19.493177,19.08397,23.640661,1.2575,3.9200004,RELION,C2
EMD-73701,singleParticle,2026,4.86,,6.1087356,4.7619047,6.1087356,1.2569,2.14,cryoSPARC,
EMD-37594,singleParticle,2024,3.3,3.2754667,8.278146,4.1562757,4.1476564,1.2569,2.4,cryoSPARC,C1
EMD-74307,singleParticle,2026,2.32,2.315887,3.9016776,2.9129043,2.915452,1.2567,1.66,not stated,
EMD-73166,singleParticle,2025,3.1,3.125,6.418485,3.900156,3.895598,1.2566,1.66,cryoSPARC,
EMD-50208,singleParticle,2025,2.3,2.2983222,6.591958,2.8876696,2.8901734,1.2566,2.0054422,cryoSPARC,
EMD-76130,singleParticle,2026,19.46,19.455254,196.07843,24.449879,24.449879,1.2564,11.7,cryoSPARC,
EMD-44620,singleParticle,2024,5.1,5.0761423,11.273957,6.393862,6.40615,1.2561,2.1,cryoSPARC,
EMD-45999,singleParticle,2025,3.9,3.9016776,7.6923075,4.901961,4.8971596,1.2557,2.2,cryoSPARC,
EMD-71750,helical,2025,3.19,3.1897926,5.8548007,4.0032024,4.0048056,1.2554,2.7475,cryoSPARC,
EMD-45424,singleParticle,2025,3.52,,4.9407115,4.3956046,4.418913,1.2554,2.44,not stated,
EMD-73636,subtomogramAveraging,2025,5.1,5.0916495,6.98324,6.393862,6.4020486,1.2553,3.02,RELION,I
EMD-65576,subtomogramAveraging,2025,7.46,7.4626865,9.398497,9.372071,9.363296,1.2551,6.74,other,C1
EMD-55959,singleParticle,2026,4.9,4.892368,6.5876155,6.1124697,6.1500616,1.2551,3.3344002,RELION,C1
EMD-19268,singleParticle,2024,7.61,7.6045628,11.223345,9.066183,9.551099,1.2551,2.08,RELION,C1
EMD-17425,subtomogramAveraging,2024,9.6,9.84252,11.750881,8.904719,12.048193,1.255,6.04,RELION,C7
EMD-46017,singleParticle,2025,3.8,3.808073,7.716049,4.8146367,4.7687173,1.2549,2.2,cryoSPARC,C1
EMD-37403,singleParticle,2023,6.13,,10.449321,7.5471697,7.6923075,1.2549,5.336,not stated,
EMD-53272,singleParticle,2025,7.54,,9.460738,8.532423,9.460738,1.2547,5.208,not stated,
EMD-45104,singleParticle,2025,5.0,5.02008,8.116883,5.9453034,6.2735257,1.2547,2.03,cryoSPARC,
EMD-47336,singleParticle,2025,2.38,,3.7160907,2.9797378,2.985966,1.2546,1.66,cryoSPARC,
EMD-51185,helical,2025,4.0,3.9984007,8.643043,5.0327125,5.0175614,1.2544,2.29,not stated,
EMD-50207,singleParticle,2025,2.34,2.3353574,7.147963,2.9463758,2.9351335,1.2543,2.0054422,cryoSPARC,
EMD-54772,singleParticle,2026,6.84,,9.950249,8.340283,8.576329,1.2538,2.44,cryoSPARC,
EMD-65458,subtomogramAveraging,2025,6.3,,8.583691,7.782101,7.8988943,1.2538,5.48,not stated,
EMD-75913,subtomogramAveraging,2026,7.2,7.204611,15.267176,9.041592,9.02527,1.2535,4.0,RELION,
EMD-46013,singleParticle,2025,3.9,3.8819876,7.7579517,4.892368,4.8875856,1.2532,2.2,cryoSPARC,
EMD-58151,singleParticle,2026,3.0,3.0395136,6.7159166,3.7593985,3.7593985,1.2531,1.678,cryoSPARC,
EMD-46634,singleParticle,2025,3.6,3.5663338,7.518797,4.5146728,4.5085664,1.2524,2.2,cryoSPARC,C1
EMD-19951,singleParticle,2025,2.43,2.8121486,4.800768,3.0543678,3.0432136,1.2524,1.6912,cryoSPARC,C1
EMD-34733,singleParticle,2023,2.94,3.298153,4.3383946,3.67242,3.6818852,1.2523,2.08,RELION,
EMD-43112,singleParticle,2024,2.98,,4.1614647,3.7397158,3.7313433,1.2521,2.8,cryoSPARC,C12
EMD-53811,subtomogramAveraging,2026,17.4,18.181818,26.041666,20.833334,21.786493,1.2521,4.0,RELION,C1
EMD-48625,singleParticle,2025,7.8,7.788162,10.319918,7.7399383,9.765625,1.252,2.3076,cryoSPARC,C1
EMD-51486,singleParticle,2025,3.7,,8.090615,4.638219,4.631774,1.2518,2.156,not stated,
EMD-44605,singleParticle,2024,5.3,5.302227,11.792453,6.6357,6.6269054,1.2504,2.1,cryoSPARC,
