method,res_type,resolution_method,n_images,point_group,pixel_x,emdb_id,deposition,resolution,has_pdb
singleParticle,BY AUTHOR,FSC 0.143 CUT-OFF,217743.0,,1.087,EMD-30277,20200508,3.3,False
singleParticle,BY AUTHOR,FSC 0.5 CUT-OFF,100000.0,C1,1.2375,EMD-5513,20121004,11.9,True
singleParticle,BY AUTHOR,FSC 0.143 CUT-OFF,10674.0,C23,1.07,EMD-20833,20191015,3.5,True
singleParticle,BY AUTHOR,FSC 0.143 CUT-OFF,74677.0,C4,1.066,EMD-20450,20190709,3.06,True
singleParticle,BY AUTHOR,FSC 0.143 CUT-OFF,460948.0,,0.825,EMD-25477,20211120,4.1,True
singleParticle,BY AUTHOR,FSC 0.143 CUT-OFF,47338.0,,1.32,EMD-6790,20170710,3.45,True
singleParticle,BY AUTHOR,FSC 0.143 CUT-OFF,98696.0,C5,1.0961,EMD-20968,20191118,3.3,True
singleParticle,BY AUTHOR,OTHER,4684.0,C1,2.32,EMD-3112,20150806,19.4,False
singleParticle,BY AUTHOR,FSC 0.143 CUT-OFF,185895.0,C3,0.943182,EMD-32377,20211211,2.02,True
singleParticle,BY AUTHOR,FSC 0.143 CUT-OFF,35621.0,D5,1.68,EMD-22708,20200924,4.3,False
singleParticle,BY AUTHOR,FSC 0.143 CUT-OFF,34425.0,I,1.14,EMD-22095,20200601,2.9,True
singleParticle,BY AUTHOR,FSC 0.143 CUT-OFF,505644.0,C1,1.04,EMD-0745,20190815,3.0,True
singleParticle,BY AUTHOR,FSC 0.143 CUT-OFF,21489.0,,1.07,EMD-12836,20210429,3.28,False
singleParticle,BY AUTHOR,FSC 0.143 CUT-OFF,191825.0,C2,1.091,EMD-9988,20190715,2.77,False
singleParticle,BY AUTHOR,FSC 0.5 CUT-OFF,9313.0,,2.06,EMD-23524,20210222,26.0,False
singleParticle,BY AUTHOR,FSC 0.143 CUT-OFF,117819.0,,1.05,EMD-36070,20230501,3.4,True
singleParticle,BY AUTHOR,FSC 0.143 CUT-OFF,97720.0,,0.87,EMD-62246,20241101,3.1,True
singleParticle,BY AUTHOR,FSC 0.143 CUT-OFF,127261.0,,0.8677,EMD-44812,20240510,3.3,True
singleParticle,BY AUTHOR,FSC 0.143 CUT-OFF,68660.0,C1,0.93,EMD-36094,20230503,3.07,False
subtomogramAveraging,BY AUTHOR,FSC 0.143 CUT-OFF,,C1,1.9,EMD-50701,20240618,6.8,False
singleParticle,BY AUTHOR,FSC 0.143 CUT-OFF,129384.0,C1,1.08,EMD-26181,20220213,3.3,True
singleParticle,BY AUTHOR,FSC 0.143 CUT-OFF,888338.0,C1,0.94,EMD-43260,20240104,3.1,True
singleParticle,BY AUTHOR,FSC 0.143 CUT-OFF,1413.0,C8,2.66,EMD-41121,20230624,29.5,False
singleParticle,BY AUTHOR,FSC 0.143 CUT-OFF,73782.0,C4,1.08,EMD-27746,20220729,3.68,True
singleParticle,BY AUTHOR,FSC 0.143 CUT-OFF,445096.0,,1.072,EMD-38113,20231125,3.07,False
singleParticle,BY AUTHOR,FSC 0.143 CUT-OFF,50577.0,,1.0,EMD-37550,20230923,3.85,True
singleParticle,BY AUTHOR,FSC 0.143 CUT-OFF,105158.0,,0.8336,EMD-52561,20250115,3.01,True
singleParticle,BY AUTHOR,FSC 0.143 CUT-OFF,587636.0,C3,0.8637,EMD-41360,20230726,3.1,True
singleParticle,BY AUTHOR,FSC 0.143 CUT-OFF,12173.0,,0.83,EMD-15568,20220809,4.3,True
singleParticle,BY AUTHOR,FSC 0.143 CUT-OFF,259010.0,C4,0.825,EMD-28973,20221130,5.4,False
