emdb_id,method,release_year,stated_A,own_curve_A,unmasked_A,masked_A,corrected_A,corrected_over_stated
EMD-39763,single particle,2024,3.23,3.227889,434.78262,270.27026,277.77777,85.9993
EMD-57779,single particle,2026,3.1,3.0864198,384.6154,140.84508,136.9863,44.1891
EMD-76094,single particle,2026,2.74,2.7196083,84.745766,68.965515,84.033615,30.6692
EMD-75213,single particle,2026,6.5,,192.3077,243.90244,192.3077,29.5858
EMD-72497,single particle,2026,3.14,3.137747,109.89011,90.90909,90.90909,28.9519
EMD-19020,single particle,2024,3.25,3.2425423,131.57895,147.05882,78.125,24.0385
EMD-38623,single particle,2025,3.29,,68.49315,23.255814,52.083332,15.8308
EMD-19442,single particle,2025,2.65,,41.666668,41.322315,41.666668,15.7233
EMD-49362,single particle,2025,2.58,2.5773196,37.593987,37.453182,38.02281,14.7375
EMD-44166,single particle,2024,3.5,3.500175,45.454544,45.045044,45.87156,13.1062
EMD-42932,helical,2024,2.72,2.664535,30.959753,30.959753,31.74603,11.6713
EMD-37441,single particle,2024,2.71,2.708559,21.881838,21.786493,21.881838,8.0745
EMD-19280,single particle,2024,2.57,2.570694,19.23077,17.825312,18.115942,7.049
EMD-19281,single particle,2024,2.58,2.5766554,18.281536,12.903226,16.863407,6.5362
EMD-19270,single particle,2024,2.95,2.9446406,20.040081,19.047619,18.69159,6.3361
EMD-18652,single particle,2024,3.0,3.0432136,17.605635,14.749263,17.605635,5.8685
EMD-72849,single particle,2026,3.44,3.4387896,19.569471,18.348623,19.569471,5.6888
EMD-60409,single particle,2025,2.23,,11.8063755,11.820331,11.8063755,5.2943
EMD-19285,single particle,2024,4.01,3.9888313,21.231422,19.762846,19.762846,4.9284
EMD-44399,single particle,2024,2.1,,17.857143,10.224949,10.341262,4.9244
EMD-65251,single particle,2025,6.02,,27.54821,27.54821,27.62431,4.5888
EMD-64071,single particle,2026,3.44,,15.060241,14.792899,15.060241,4.378
EMD-44401,single particle,2024,2.5,,17.857143,10.224949,10.256411,4.1026
EMD-46746,single particle,2025,4.5,,16.949152,16.778524,17.391304,3.8647
EMD-75129,single particle,2026,4.06,,14.577259,9.699321,14.577259,3.5905
EMD-49605,single particle,2025,3.3,,14.164306,12.93661,11.764706,3.5651
EMD-71450,single particle,2025,3.7,,11.098779,10.162601,11.248594,3.0402
EMD-39162,single particle,2025,2.81,,8.389262,3.6166365,8.389262,2.9855
EMD-64742,single particle,2026,3.4,3.118179,10.080646,6.0716453,10.080646,2.9649
EMD-47315,subtomogram averaging,2024,14.0,,40.650406,29.761906,40.650406,2.9036
EMD-54251,single particle,2025,4.01,,18.248175,11.086474,11.560694,2.883
EMD-52600,single particle,2025,8.91,9.165903,25.316456,25.316456,25.316456,2.8414
EMD-71592,single particle,2025,7.67,7.6687117,21.786493,7.800312,21.786493,2.8405
EMD-51309,single particle,2025,9.13,9.124087,55.86592,25.906736,25.839794,2.8302
EMD-73815,single particle,2026,6.64,6.6357,18.69159,9.017133,18.69159,2.815
EMD-73818,single particle,2026,7.6,7.6045628,18.939394,9.99001,19.267822,2.5352
EMD-47319,subtomogram averaging,2024,40.0,,56.497173,100.0,101.0101,2.5253
EMD-60898,single particle,2025,3.3,,8.591065,7.117438,8.05153,2.4399
EMD-71594,single particle,2025,9.88,9.881423,23.584906,10.256411,23.094688,2.3375
EMD-66002,subtomogram averaging,2026,12.4,12.315271,28.901733,19.047619,28.901733,2.3308
EMD-75128,single particle,2026,4.55,,10.515247,7.5642967,10.515247,2.311
EMD-43912,subtomogram averaging,2024,12.8,12.468828,37.313435,13.0039015,29.411764,2.2978
EMD-53458,subtomogram averaging,2025,12.5,12.330456,28.490028,28.490028,28.40909,2.2727
EMD-43914,subtomogram averaging,2024,12.2,11.933174,31.44654,14.184397,27.39726,2.2457
EMD-72129,single particle,2025,7.23,7.2254333,16.129032,6.9252076,16.129032,2.2308
EMD-62644,single particle,2025,2.94,,7.800312,6.3694267,6.4020486,2.1776
EMD-53648,subtomogram averaging,2026,5.6,5.543237,13.986014,11.415525,12.033694,2.1489
EMD-39746,single particle,2024,3.19,,6.830601,6.830601,6.830601,2.1413
EMD-17776,subtomogram averaging,2024,33.2,33.22259,79.36508,63.291138,69.44444,2.0917
EMD-53664,subtomogram averaging,2026,8.6,8.090615,17.793594,17.76199,17.793594,2.069
EMD-17775,subtomogram averaging,2024,36.2,36.231884,79.36508,68.49315,74.62687,2.0615
EMD-39750,single particle,2024,3.4,,6.954103,6.954103,6.9686413,2.0496
EMD-45227,subtomogram averaging,2024,33.0,,80.0,21.929825,67.567566,2.0475
EMD-46679,single particle,2024,3.31,3.536068,11.210762,6.7613254,6.775068,2.0468
EMD-73641,subtomogram averaging,2025,10.6,10.319918,21.691975,21.691975,21.551723,2.0332
EMD-19257,single particle,2024,8.33,8.244023,28.653296,20.08032,16.891891,2.0278
EMD-45701,single particle,2025,9.55,9.259259,19.53125,19.193857,19.34236,2.0254
EMD-38414,single particle,2025,2.76,2.8066237,5.5555553,5.5340343,5.5340343,2.0051
EMD-18738,subtomogram averaging,2024,13.6,13.605442,21.929825,14.684288,27.247957,2.0035
EMD-19823,subtomogram averaging,2025,12.79,12.787724,25.773195,12.853471,25.575447,1.9996
EMD-58431,subtomogram averaging,2026,11.5,,26.737968,22.727272,22.93578,1.9944
EMD-19561,single particle,2024,26.0,24.752476,51.28205,57.803467,51.28205,1.9724
EMD-53459,subtomogram averaging,2025,13.5,13.550136,26.455027,26.455027,26.455027,1.9596
EMD-58161,single particle,2026,4.3,4.3252597,9.049774,8.278146,8.403361,1.9543
EMD-50464,single particle,2024,3.06,4.916421,8.305648,5.9382424,5.9453034,1.9429
EMD-53460,subtomogram averaging,2025,13.5,13.495276,26.17801,26.17801,26.17801,1.9391
EMD-64143,single particle,2025,2.96,,7.2098055,5.6915197,5.6980057,1.925
EMD-54402,helical,2025,3.8,3.8066235,13.888889,7.293946,7.3099413,1.9237
EMD-53669,subtomogram averaging,2026,13.9,14.285714,26.737968,10.799136,26.737968,1.9236
EMD-54614,subtomogram averaging,2026,20.0,19.920319,33.112583,36.49635,38.314175,1.9157
EMD-66444,single particle,2026,4.35,4.35161,8.361204,8.305648,8.333333,1.9157
EMD-18737,subtomogram averaging,2024,12.0,12.033694,22.779043,14.306151,22.779043,1.8983
EMD-51684,single particle,2025,4.0,3.9463298,13.404826,7.581501,7.5930142,1.8983
EMD-53654,subtomogram averaging,2026,8.3,8.635578,15.72327,15.797789,15.72327,1.8944
EMD-48013,single particle,2025,10.0,,18.867924,9.699321,18.867924,1.8868
EMD-45725,single particle,2025,5.83,10.834236,16.583748,10.940919,10.952903,1.8787
EMD-53846,subtomogram averaging,2026,10.5,10.449321,30.30303,16.393442,19.68504,1.8748
EMD-47314,subtomogram averaging,2024,20.0,,38.61004,37.17472,37.453182,1.8727
EMD-53652,subtomogram averaging,2026,8.0,8.14996,14.925373,14.925373,14.97006,1.8713
EMD-47778,single particle,2025,4.0,,8.912656,7.434944,7.4738417,1.8685
EMD-48011,single particle,2025,9.2,,17.123287,9.910803,17.123287,1.8612
EMD-38279,single particle,2024,3.1,,5.8139534,5.7971015,5.760369,1.8582
EMD-46790,single particle,2024,4.97,,10.0,9.199632,9.23361,1.8579
EMD-45748,single particle,2024,4.0,3.9968026,7.4294205,4.1684036,7.4294205,1.8574
EMD-47587,single particle,2024,15.0,,32.786884,19.193857,27.70083,1.8467
EMD-53653,subtomogram averaging,2026,8.0,7.9554496,14.814815,14.814815,14.771049,1.8464
EMD-70613,single particle,2025,3.6,,7.7700076,6.016847,6.6225166,1.8396
EMD-45222,subtomogram averaging,2024,32.0,,75.757576,21.505377,58.82353,1.8382
EMD-51683,single particle,2025,3.3,3.3244681,10.810811,5.1466804,5.991612,1.8156
EMD-45219,subtomogram averaging,2024,34.0,,68.965515,,61.728394,1.8155
EMD-53697,subtomogram averaging,2026,11.1,11.135858,20.040081,19.84127,20.120724,1.8127
EMD-53616,subtomogram averaging,2026,8.0,8.025682,14.556041,14.556041,14.492754,1.8116
EMD-47787,single particle,2025,4.1,,9.124087,7.3313785,7.380074,1.8
EMD-49398,single particle,2025,4.63,4.631774,9.784736,8.271298,8.271298,1.7865
EMD-47586,single particle,2024,15.0,,30.211481,15.082956,26.737968,1.7825
EMD-47780,single particle,2025,4.2,,9.23361,7.3046017,7.46826,1.7782
EMD-47784,single particle,2025,4.0,,8.733624,7.097232,7.1073203,1.7768
EMD-44663,single particle,2025,20.0,,36.630035,33.444817,35.460995,1.773
EMD-55015,subtomogram averaging,2025,4.5,,8.103727,7.9681277,7.9744816,1.7721
EMD-16868,single particle,2024,4.5,4.636069,8.431704,7.716049,7.9617834,1.7693
EMD-47779,single particle,2025,4.3,,9.157509,7.581501,7.598784,1.7672
EMD-72640,single particle,2026,3.9,3.8804812,6.9492702,6.8212824,6.8870525,1.7659
EMD-19272,single particle,2024,4.93,4.9261084,8.56898,8.156607,8.688097,1.7623
EMD-72274,single particle,2026,3.81,,6.7114096,3.5932448,6.7114096,1.7615
EMD-47785,single particle,2025,4.1,,8.976661,7.2202168,7.2202168,1.761
EMD-72458,single particle,2026,4.5,7.9681277,15.432098,7.8988943,7.911392,1.7581
EMD-27865,single particle,2022,6.5,,14.044944,8.733624,11.402509,1.7542
EMD-47786,single particle,2025,4.3,,9.140768,7.4738417,7.535795,1.7525
EMD-71586,single particle,2025,8.45,8.14996,21.645021,7.9176564,14.792899,1.7506
EMD-50883,single particle,2024,4.6,,11.025358,8.01282,8.025682,1.7447
EMD-71590,single particle,2025,6.69,6.6934404,11.655012,5.740528,11.655012,1.7422
EMD-47589,single particle,2024,15.0,,32.894737,17.636684,26.109661,1.7406
EMD-47773,single particle,2025,4.1,,8.695652,7.012623,7.117438,1.736
EMD-54042,subtomogram averaging,2025,4.9,,8.620689,8.097166,8.431704,1.7208
EMD-53737,subtomogram averaging,2026,10.5,10.3092785,18.115942,18.05054,18.05054,1.7191
EMD-47682,single particle,2025,3.57,3.5701535,7.993605,6.079027,6.127451,1.7164
EMD-19265,single particle,2024,3.95,3.6443148,7.23589,5.837712,6.7249494,1.7025
EMD-58124,subtomogram averaging,2026,22.0,22.675737,41.493774,8.857396,37.453182,1.7024
EMD-51272,single particle,2025,4.04,4.0436716,14.285714,6.877579,6.877579,1.7024
EMD-47588,single particle,2024,15.0,,30.03003,19.34236,25.510204,1.7007
EMD-47545,single particle,2026,5.5,5.5493894,9.345795,5.9880238,9.345795,1.6992
EMD-47783,single particle,2025,4.5,,9.328359,7.633588,7.64526,1.6989
EMD-53833,subtomogram averaging,2026,11.0,11.074197,22.271715,18.656717,18.58736,1.6898
EMD-53657,subtomogram averaging,2026,5.9,5.9136605,9.97009,9.950249,9.960159,1.6882
EMD-53659,subtomogram averaging,2026,5.6,5.652911,10.070494,9.442871,9.451796,1.6878
EMD-47790,single particle,2025,4.5,,9.3109865,7.5528703,7.581501,1.6848
EMD-47781,single particle,2025,3.9,,8.116883,6.514658,6.56168,1.6825
EMD-50880,single particle,2024,4.0,,8.779632,6.5274153,6.7249494,1.6812
EMD-47533,single particle,2026,8.9,8.912656,14.947683,8.944544,14.947683,1.6795
EMD-53738,subtomogram averaging,2026,8.3,8.203445,14.409222,13.642565,13.888889,1.6734
EMD-38521,single particle,2024,4.2,4.152824,11.520738,7.002801,7.017544,1.6708
EMD-39820,single particle,2024,3.58,,5.9772863,3.7383177,5.9772863,1.6696
EMD-46635,single particle,2025,3.9,3.8580246,8.583691,6.5104165,6.5104165,1.6693
EMD-47815,single particle,2025,3.8,,7.8988943,6.3171196,6.3131313,1.6614
EMD-39219,single particle,2025,3.2,,9.3109865,5.313496,5.313496,1.6605
EMD-47808,single particle,2025,3.8,,7.8431373,6.289308,6.30517,1.6593
EMD-47817,single particle,2025,4.0,,7.9176564,6.5832787,6.6357,1.6589
EMD-50873,single particle,2024,4.1,,9.354537,6.706908,6.7704806,1.6513
EMD-40030,single particle,2024,4.1,4.037142,6.756757,,6.756757,1.648
EMD-47313,subtomogram averaging,2024,16.0,,26.17801,26.17801,26.31579,1.6447
EMD-44054,single particle,2025,4.04,4.037142,10.416667,6.6622252,6.6357,1.6425
EMD-54024,subtomogram averaging,2026,14.0,13.908206,22.988506,13.404826,22.988506,1.642
EMD-75794,single particle,2026,4.16,4.1562757,12.515645,6.8212824,6.8259387,1.6409
EMD-75136,single particle,2026,4.52,,9.354537,7.23589,7.4128985,1.64
EMD-42462,single particle,2024,3.6,4.111842,5.9031878,3.8461537,5.9031878,1.6398
EMD-50869,single particle,2024,4.1,,8.912656,6.5274153,6.6979237,1.6336
EMD-19261,single particle,2024,9.0,8.865249,15.060241,14.662757,14.641289,1.6268
EMD-19506,single particle,2024,4.1,4.0899796,8.741259,6.7114096,6.6666665,1.626
EMD-50870,single particle,2024,4.5,,9.090909,7.2411294,7.315289,1.6256
EMD-53734,subtomogram averaging,2026,9.7,9.587728,18.281536,15.600624,15.748032,1.6235
EMD-53798,subtomogram averaging,2026,12.2,12.135922,22.988506,19.267822,19.723866,1.6167
EMD-47788,single particle,2025,3.9,,8.084074,6.4935064,6.301197,1.6157
EMD-47811,single particle,2025,4.1,,8.097166,6.6313,6.6137567,1.6131
EMD-47680,single particle,2025,3.49,3.4855351,7.651109,5.221932,5.6179776,1.6097
EMD-53662,subtomogram averaging,2026,6.2,6.2617407,9.99001,9.960159,9.97009,1.6081
EMD-60025,single particle,2025,7.91,,12.690355,7.993605,12.690355,1.6043
EMD-47723,single particle,2024,4.08,4.0783033,8.643043,6.5445027,6.523157,1.5988
EMD-47681,single particle,2025,3.58,3.5765378,7.8988943,5.7175527,5.7175527,1.5971
EMD-45257,subtomogram averaging,2024,36.0,,57.471264,21.321962,57.471264,1.5964
EMD-47814,single particle,2025,3.6,,7.633588,5.38503,5.7372346,1.5937
EMD-48368,single particle,2025,4.0,3.9872408,13.280212,5.4945054,6.3734865,1.5934
EMD-42039,single particle,2024,4.3,,9.29368,6.3572793,6.8259387,1.5874
EMD-52520,single particle,2025,2.6,,5.3418803,4.123711,4.1254125,1.5867
EMD-50867,single particle,2024,5.1,,9.67118,7.8802204,8.084074,1.5851
EMD-17773,subtomogram averaging,2024,34.5,34.482758,57.471264,29.761906,54.64481,1.5839
EMD-51017,single particle,2024,4.5,4.456328,9.930487,6.9396253,7.1073203,1.5794
EMD-39259,single particle,2025,4.4,4.4033465,9.250694,5.9382424,6.9444447,1.5783
EMD-50872,single particle,2024,4.3,,8.496177,6.535948,6.7842607,1.5777
EMD-48034,single particle,2025,7.9,,12.437811,7.513148,12.437811,1.5744
EMD-47812,single particle,2025,4.0,,7.92393,6.2617407,6.2972293,1.5743
EMD-18788,single particle,2024,5.8,,9.124087,5.373455,9.124087,1.5731
EMD-44661,single particle,2025,20.0,,31.74603,23.696682,31.44654,1.5723
EMD-50568,subtomogram averaging,2024,30.0,,47.16981,,47.16981,1.5723
EMD-65492,subtomogram averaging,2025,21.0,28.985508,33.0033,33.0033,33.0033,1.5716
EMD-66005,subtomogram averaging,2026,14.4,13.774105,30.487804,22.522522,22.624434,1.5711
EMD-47474,single particle,2024,4.24,,7.8186083,6.4850845,6.65336,1.5692
EMD-47818,single particle,2025,4.0,,7.8988943,6.238303,6.2735257,1.5684
EMD-19260,single particle,2024,4.54,4.4984255,8.96861,7.0472164,7.117438,1.5677
EMD-44668,single particle,2025,20.0,,33.112583,18.281536,31.347963,1.5674
EMD-53658,subtomogram averaging,2026,7.3,7.2411294,11.441648,11.428572,11.441648,1.5673
EMD-47809,single particle,2025,3.7,,7.7101,5.5340343,5.7971015,1.5668
EMD-66003,subtomogram averaging,2026,11.4,10.989011,26.954178,17.574692,17.857143,1.5664
EMD-8940,single particle,2019,4.2,4.2265425,6.565988,5.78369,6.565988,1.5633
EMD-44655,single particle,2025,20.0,,31.645569,30.211481,31.25,1.5625
EMD-46733,single particle,2024,11.81,11.8063755,18.450184,10.245902,18.450184,1.5623
EMD-50887,single particle,2024,4.6,,8.70322,7.0472164,7.173601,1.5595
EMD-66830,single particle,2026,2.58,,4.537205,4.029009,4.0225263,1.5591
EMD-66004,subtomogram averaging,2026,11.4,11.235955,27.027027,16.863407,17.76199,1.5581
EMD-53773,subtomogram averaging,2026,18.9,19.455254,33.898304,28.735632,29.411764,1.5562
EMD-51136,single particle,2024,4.1,4.0716615,6.377551,4.032258,6.377551,1.5555
EMD-47535,single particle,2026,8.33,8.333333,12.953368,8.340283,12.953368,1.555
EMD-55758,single particle,2026,4.5,,6.98324,,6.98324,1.5518
EMD-48022,single particle,2024,12.1,,19.68504,11.876485,18.761726,1.5506
EMD-47807,single particle,2025,3.7,,7.662835,4.9285364,5.727377,1.5479
EMD-54043,subtomogram averaging,2025,4.4,,7.1530757,6.671114,6.807352,1.5471
EMD-44053,single particle,2025,3.58,3.582945,9.803922,5.249344,5.527916,1.5441
EMD-43735,single particle,2025,3.79,,7.4626865,5.8445354,5.851375,1.5439
EMD-37401,single particle,2023,6.29,,15.503876,9.487666,9.708738,1.5435
EMD-37625,single particle,2024,4.3,4.314064,11.160714,6.640106,6.6181335,1.5391
EMD-45735,single particle,2025,2.3,3.4989502,3.9323633,3.536068,3.5373187,1.538
EMD-51524,single particle,2024,3.9,,9.21659,6.199628,5.995204,1.5372
EMD-27914,single particle,2022,4.2,,7.9681277,6.430868,6.451613,1.5361
EMD-38153,single particle,2024,8.45,8.453085,12.953368,7.082153,12.953368,1.5329
EMD-48977,single particle,2025,4.5,4.502476,14.97006,6.8965516,6.8965516,1.5326
EMD-48989,single particle,2025,4.49,4.490346,13.605442,6.6357,6.8728523,1.5307
EMD-8941,single particle,2019,4.3,4.7551117,6.455778,5.9136605,6.5789475,1.53
EMD-48014,single particle,2025,4.4,,12.953368,6.756757,6.7249494,1.5284
EMD-46844,single particle,2025,11.0,,16.920473,16.778524,16.806723,1.5279
EMD-53628,subtomogram averaging,2026,7.1,6.98324,10.964912,10.893247,10.845987,1.5276
EMD-19420,subtomogram averaging,2024,19.6,18.903591,30.03003,19.047619,29.94012,1.5276
EMD-49433,single particle,2026,4.5,,6.930007,4.553734,6.8681316,1.5263
EMD-53665,subtomogram averaging,2026,6.8,6.476684,10.493179,10.471204,10.373444,1.5255
EMD-48991,single particle,2025,6.34,6.337136,16.447369,9.727627,9.67118,1.5254
EMD-47816,single particle,2025,3.8,,7.621951,5.733945,5.78369,1.522
EMD-46432,single particle,2025,4.8,,13.2626,7.2727275,7.2886295,1.5185
EMD-54044,subtomogram averaging,2025,5.3,,8.403361,7.9365077,8.045053,1.5179
EMD-19969,single particle,2025,4.5,4.601933,8.70322,6.55308,6.8259387,1.5169
EMD-18422,single particle,2024,6.9,6.9252076,10.638298,8.250825,10.460251,1.516
EMD-38514,single particle,2024,4.1,4.154549,8.896797,6.2617407,6.21504,1.5159
EMD-43045,single particle,2025,14.73,14.727541,22.321428,12.531328,22.321428,1.5154
EMD-44659,single particle,2025,20.0,,31.948881,23.866348,30.30303,1.5152
EMD-46447,single particle,2025,4.4,,12.70648,6.6755676,6.6666665,1.5152
EMD-48003,single particle,2025,6.8,,10.298661,7.4294205,10.298661,1.5145
EMD-47585,single particle,2024,15.0,,27.472527,16.129032,22.675737,1.5117
EMD-53517,single particle,2025,3.9,4.231909,10.526316,5.8479533,5.8892813,1.5101
EMD-27932,single particle,2022,4.1,,7.8125,6.127451,6.184292,1.5084
EMD-63822,single particle,2025,4.17,,13.175231,6.2695923,6.289308,1.5082
EMD-47133,single particle,2025,3.8,,9.165903,5.6465273,5.727377,1.5072
EMD-53048,single particle,2025,4.7,4.730369,7.0671377,4.4483986,7.0671377,1.5036
EMD-48574,single particle,2025,4.6,4.5558085,8.779632,6.9156294,6.9060774,1.5013
EMD-54174,single particle,2025,4.7,,7.122507,7.0472164,7.052186,1.5005
EMD-48980,single particle,2025,4.66,4.6620045,13.45895,6.9252076,6.98812,1.4996
EMD-17770,subtomogram averaging,2024,25.5,25.510204,54.347828,,38.16794,1.4968
EMD-47861,single particle,2025,3.8,,7.5872536,5.6497173,5.685048,1.4961
EMD-48036,single particle,2025,10.4,,18.48429,10.341262,15.552099,1.4954
EMD-46011,single particle,2025,3.8,,7.9176564,5.4229937,5.681818,1.4952
EMD-27917,single particle,2022,4.4,,8.103727,6.55308,6.565988,1.4923
EMD-71228,single particle,2025,4.36,4.3572984,8.904719,6.3492064,6.506181,1.4922
EMD-48981,single particle,2025,4.71,4.7058825,18.58736,6.8965516,7.022472,1.491
EMD-48987,single particle,2025,4.4,4.4014087,10.131712,6.535948,6.557377,1.4903
EMD-47592,single particle,2024,15.0,,22.321428,13.586957,22.321428,1.4881
EMD-27928,single particle,2022,4.27,,8.347245,6.325111,6.3451777,1.486
EMD-71202,subtomogram averaging,2025,10.5,10.449321,15.600624,10.256411,15.600624,1.4858
EMD-70180,subtomogram averaging,2025,22.0,22.075056,32.36246,32.36246,32.679737,1.4854
EMD-48973,single particle,2025,4.34,4.3383946,10.559662,6.464124,6.443299,1.4846
EMD-44667,single particle,2025,20.0,,31.152649,27.93296,29.67359,1.4837
EMD-43281,single particle,2024,4.2,4.2123,11.750881,6.2073245,6.22665,1.4825
EMD-53631,subtomogram averaging,2026,18.5,18.518518,28.011204,26.31579,27.39726,1.4809
EMD-51804,subtomogram averaging,2025,4.7,4.601933,7.256894,6.9686413,6.9589424,1.4806
EMD-72025,single particle,2025,4.44,4.44247,8.1103,6.535948,6.56168,1.4779
EMD-50874,single particle,2024,4.6,,9.587728,6.7430882,6.7934785,1.4768
EMD-47782,single particle,2025,5.4,,9.469697,7.949126,7.9617834,1.4744
EMD-54526,subtomogram averaging,2025,23.0,,33.898304,33.898304,33.898304,1.4738
EMD-38024,single particle,2025,4.3,,8.1103,6.25,6.337136,1.4738
EMD-44108,single particle,2024,4.5,4.531038,7.8431373,6.22665,6.6313,1.4736
EMD-48988,single particle,2025,5.41,5.414185,11.834319,7.980846,7.9681277,1.4729
EMD-75346,single particle,2026,4.74,4.7393365,6.9637885,5.1894135,6.9637885,1.4692
EMD-47868,single particle,2025,3.7,,7.5471697,5.102041,5.4347825,1.4689
EMD-21370,single particle,2020,3.8,3.9032006,5.580357,4.638219,5.580357,1.4685
EMD-77603,single particle,2026,4.3,4.2973785,8.496177,6.277464,6.3131313,1.4682
EMD-71230,single particle,2025,4.19,4.192872,8.833922,6.0240965,6.1500616,1.4678
EMD-47865,single particle,2025,3.9,,7.5244546,5.4200544,5.7240987,1.4677
EMD-50879,single particle,2024,3.9,,7.8308535,5.359057,5.7175527,1.466
EMD-50866,single particle,2024,3.9,,7.8308535,5.359057,5.714286,1.4652
EMD-46020,single particle,2025,3.8,3.8431976,7.9051385,5.5648303,5.5648303,1.4644
EMD-48969,single particle,2025,4.94,4.943154,10.111223,7.1942444,7.230658,1.4637
EMD-48970,single particle,2025,4.68,4.6838408,13.586957,6.8212824,6.849315,1.4635
EMD-60245,single particle,2024,8.5,,12.437811,7.7700076,12.437811,1.4633
EMD-49493,single particle,2025,9.52,9.514748,23.866348,8.96861,13.927577,1.463
EMD-47789,single particle,2025,5.4,,9.407338,7.874016,7.8926597,1.4616
EMD-38268,single particle,2024,2.6,,4.0816326,3.7907505,3.799392,1.4613
EMD-72648,single particle,2026,3.48,3.4770515,5.09684,5.0454087,5.070994,1.4572
EMD-46014,single particle,2025,3.9,3.8850038,7.8802204,5.688282,5.6785917,1.456
EMD-54246,subtomogram averaging,2025,25.0,,36.764706,36.764706,36.363636,1.4545
EMD-60601,subtomogram averaging,2025,16.0,15.698587,28.248587,,23.255814,1.4535
EMD-48971,single particle,2025,4.32,4.3252597,9.514748,6.2227755,6.2695923,1.4513
EMD-70636,helical,2026,3.64,3.6416607,6.134969,5.2882075,5.28262,1.4513
EMD-48978,single particle,2025,4.49,4.4863167,10.214504,6.5274153,6.5104165,1.45
EMD-48986,single particle,2025,4.77,4.766444,15.243902,6.9492702,6.9156294,1.4498
EMD-44662,single particle,2025,20.0,,29.325514,21.186441,28.985508,1.4493
EMD-47871,single particle,2025,4.0,,7.61035,5.790388,5.7971015,1.4493
EMD-55480,single particle,2025,6.9,6.8166327,10.0,5.6561084,10.0,1.4493
EMD-70179,subtomogram averaging,2025,21.0,21.14165,30.959753,30.959753,30.395136,1.4474
EMD-51824,subtomogram averaging,2025,3.78,,5.479452,5.0251255,5.4704595,1.4472
EMD-46027,single particle,2025,3.9,3.9200313,7.8186083,5.6306305,5.643341,1.447
EMD-48876,subtomogram averaging,2025,21.33,21.14165,30.674847,,30.864197,1.447
EMD-45712,single particle,2025,6.7,6.6934404,10.559662,9.661836,9.689922,1.4463
EMD-19287,single particle,2025,4.36,,9.803922,6.3131313,6.301197,1.4452
EMD-47534,single particle,2026,8.48,8.481764,12.254902,8.319468,12.254902,1.4452
EMD-53615,subtomogram averaging,2026,7.2,7.1377587,10.427528,10.39501,10.39501,1.4438
EMD-53118,single particle,2025,4.62,4.144219,9.302325,6.4935064,6.6666665,1.443
EMD-43589,single particle,2024,4.78,4.784689,8.340283,6.6979237,6.8965516,1.4428
EMD-51156,single particle,2025,4.63,4.63392,8.223684,6.671114,6.6755676,1.4418
EMD-65263,single particle,2025,4.73,,9.276438,6.7430882,6.8166327,1.4411
EMD-76863,subtomogram averaging,2026,15.0,,20.08032,18.518518,21.598272,1.4399
EMD-49995,single particle,2025,4.3,4.3383946,6.3451777,6.1500616,6.188119,1.4391
EMD-48370,single particle,2025,3.1,4.3649063,7.535795,4.472272,4.458315,1.4382
EMD-48963,single particle,2025,5.76,5.7570524,11.876485,8.196721,8.278146,1.4372
EMD-51982,single particle,2025,4.49,4.490346,8.888889,6.535948,6.451613,1.4369
EMD-66278,single particle,2026,12.37,12.376238,17.76199,11.261261,17.76199,1.4359
EMD-47864,single particle,2025,4.1,,7.6045628,5.8962264,5.882353,1.4347
EMD-62631,single particle,2025,2.77,,4.576659,3.9277298,3.9666798,1.432
EMD-72027,single particle,2025,4.16,4.1614647,7.3583517,4.4662795,5.955926,1.4317
EMD-53111,single particle,2025,4.43,4.43459,9.67118,6.337136,6.341154,1.4314
EMD-47405,single particle,2024,2.64,,6.2073245,3.7764351,3.7693179,1.4278
EMD-53822,subtomogram averaging,2026,10.3,10.741138,20.703934,14.662757,14.705882,1.4278
EMD-43978,subtomogram averaging,2025,10.8,10.6723585,28.901733,15.52795,15.40832,1.4267
EMD-51822,subtomogram averaging,2025,4.1,,5.8892813,5.574136,5.8479533,1.4263
EMD-44309,single particle,2024,4.4,4.397537,8.038586,6.540222,6.2735257,1.4258
EMD-47123,single particle,2024,8.2,8.156607,14.265335,11.737089,11.682243,1.4247
EMD-47583,single particle,2024,15.0,,21.367521,9.532888,21.367521,1.4245
EMD-41511,single particle,2024,4.9,,7.651109,6.9492702,6.978367,1.4242
EMD-48982,single particle,2025,6.99,6.993007,17.241379,10.0,9.950249,1.4235
EMD-42778,subtomogram averaging,2024,19.0,19.157087,27.027027,13.679891,27.027027,1.4225
EMD-8242,single particle,2016,4.3,,7.751938,6.067961,6.116208,1.4224
EMD-55409,subtomogram averaging,2025,12.56,12.531328,18.518518,17.857143,17.857143,1.4217
EMD-55016,subtomogram averaging,2026,11.0,11.210762,26.666666,15.2207,15.625,1.4205
EMD-75350,single particle,2026,4.01,4.0112314,5.6915197,4.050223,5.6915197,1.4193
EMD-65471,subtomogram averaging,2025,11.0,10.964912,19.607843,15.4798765,15.600624,1.4182
EMD-17270,single particle,2024,4.7,4.6554933,6.6622252,4.8709207,6.6622252,1.4175
EMD-17424,subtomogram averaging,2024,8.0,7.9554496,17.301039,,11.325028,1.4156
EMD-71229,single particle,2025,4.36,4.3572984,8.756567,6.1462817,6.165228,1.414
EMD-78723,single particle,2026,2.9,,6.930007,4.091653,4.0983605,1.4132
EMD-48964,single particle,2025,4.22,4.215852,9.23361,5.6401577,5.9630294,1.413
EMD-44573,single particle,2024,4.4,4.416961,11.235955,5.3106747,6.21504,1.4125
EMD-53424,single particle,2025,14.0,13.96648,20.08032,19.762846,19.762846,1.4116
EMD-54517,single particle,2026,18.4,,28.818443,26.109661,25.974026,1.4116
EMD-71226,single particle,2025,4.1,4.100041,8.3542185,5.7670126,5.787037,1.4115
EMD-43588,single particle,2024,4.71,4.7058825,8.223684,6.535948,6.6445184,1.4107
EMD-36868,single particle,2024,3.52,,6.2578225,4.86618,4.962779,1.4099
EMD-50878,single particle,2024,4.7,,9.442871,6.3979526,6.6225166,1.409
EMD-19354,helical,2025,4.06,3.5650623,7.800312,5.694761,5.7175527,1.4083
EMD-71231,single particle,2025,4.0,4.027386,8.298756,5.6179776,5.6306305,1.4077
EMD-74697,single particle,2026,4.1,4.135649,8.103727,4.524887,5.7703404,1.4074
EMD-45276,single particle,2025,6.2,6.2695923,8.718396,4.6838408,8.718396,1.4062
EMD-47256,single particle,2025,3.2,,7.4183974,4.5065346,4.4964027,1.4051
EMD-48962,single particle,2025,4.67,4.670715,9.541985,6.570302,6.56168,1.4051
EMD-62858,single particle,2026,6.15,6.1538463,8.635578,6.5445027,8.635578,1.4042
EMD-48967,single particle,2025,6.2,6.203474,13.2626,8.710801,8.70322,1.4037
EMD-50461,single particle,2024,4.24,4.2390842,8.319468,5.7971015,5.94884,1.403
EMD-65463,subtomogram averaging,2025,10.0,,17.513134,14.084507,14.025246,1.4025
EMD-49025,single particle,2025,4.4,4.4033465,10.526316,6.21504,6.1614294,1.4003
EMD-51010,single particle,2024,4.9,4.8947625,9.285051,6.8399453,6.8540096,1.3988
EMD-44007,single particle,2024,4.4,4.35161,7.930214,6.1500616,6.1500616,1.3977
EMD-50875,single particle,2024,7.4,,22.075056,10.288066,10.341262,1.3975
EMD-17423,subtomogram averaging,2024,7.6,7.633588,16.313213,,10.615711,1.3968
EMD-76739,single particle,2026,7.51,,10.482181,6.8212824,10.482181,1.3958
EMD-65237,single particle,2026,5.0,5.1466804,9.756098,6.98812,6.9735007,1.3947
EMD-63328,single particle,2025,6.55,6.55308,9.132421,6.3979526,9.132421,1.3943
EMD-45951,single particle,2024,12.0,12.254902,17.699116,11.587485,16.722408,1.3935
EMD-42652,single particle,2024,4.72,,7.9176564,6.4892926,6.574622,1.3929
EMD-33684,single particle,2022,4.4,,9.29368,6.1124697,6.1236987,1.3917
EMD-52045,single particle,2025,4.63,,9.302325,6.451613,6.443299,1.3916
EMD-38519,single particle,2024,4.1,4.1407866,8.912656,5.643341,5.7012544,1.3905
EMD-47536,single particle,2026,8.99,8.9928055,12.5,8.467401,12.5,1.3904
EMD-47590,single particle,2025,3.2,,5.780347,4.4503784,4.4464207,1.3895
EMD-67258,single particle,2026,7.18,,12.150668,7.8186083,9.97009,1.3886
EMD-19353,helical,2025,3.0,2.9994001,4.2900043,3.9888313,4.1631975,1.3877
EMD-16950,single particle,2024,5.26,5.263158,7.29927,5.136107,7.29927,1.3877
EMD-39336,single particle,2025,4.33,,8.223684,6.031363,6.0060062,1.3871
EMD-47743,subtomogram averaging,2025,10.5,,14.556041,9.569378,14.556041,1.3863
EMD-47546,single particle,2026,6.7,6.464124,9.285051,6.464124,9.285051,1.3858
EMD-47356,single particle,2025,4.62,4.616805,6.385696,4.9726505,6.4020486,1.3857
EMD-63627,single particle,2025,4.33,,9.250694,5.9417706,5.995204,1.3846
EMD-52602,single particle,2025,4.7,4.697041,8.1103,5.662514,6.506181,1.3843
EMD-62856,single particle,2026,4.53,4.531038,8.865249,6.0060062,6.2695923,1.384
EMD-48937,single particle,2025,3.32,3.3189511,9.803922,4.606172,4.591368,1.3829
EMD-42479,single particle,2024,3.4,,5.6116724,4.6926327,4.6948357,1.3808
EMD-45776,single particle,2024,4.7,4.7281322,7.8492937,6.199628,6.480881,1.3789
EMD-47872,single particle,2025,3.9,,7.4404764,4.9382715,5.376344,1.3785
EMD-50817,single particle,2024,7.1,,9.98004,,9.784736,1.3781
EMD-45698,single particle,2025,3.4,3.3955858,7.496252,4.6728973,4.681648,1.377
EMD-17693,helical,2024,3.41,3.407155,4.6948357,3.960396,4.6948357,1.3768
EMD-51019,single particle,2024,4.3,4.3421626,8.090615,5.9594755,5.9171596,1.3761
EMD-50205,single particle,2025,2.39,2.3872046,7.8492937,3.2743943,3.288392,1.3759
EMD-60125,single particle,2025,4.9,4.8804293,7.861635,6.5876155,6.7385445,1.3752
EMD-47580,single particle,2024,15.0,,20.618557,8.93655,20.618557,1.3746
EMD-60454,subtomogram averaging,2025,16.0,15.72327,22.779043,14.836795,21.978022,1.3736
EMD-43592,single particle,2024,13.8,13.793103,59.88024,13.947001,18.939394,1.3724
EMD-53613,subtomogram averaging,2026,7.5,7.5075073,11.947432,10.277493,10.288066,1.3717
EMD-42227,single particle,2024,2.3,,3.1505985,3.1505985,3.152585,1.3707
EMD-70472,single particle,2025,10.88,,14.90313,10.515247,14.90313,1.3698
EMD-71502,single particle,2025,6.93,,9.765625,8.244023,9.487666,1.3691
EMD-47404,single particle,2024,2.69,,4.385965,3.6589828,3.6818852,1.3687
EMD-51169,single particle,2025,4.9,,8.340283,6.447453,6.702413,1.3678
EMD-48979,single particle,2025,6.06,6.0642815,12.077294,8.298756,8.285005,1.3672
EMD-65460,subtomogram averaging,2025,9.9,,15.600624,13.586957,13.531799,1.3668
EMD-74623,single particle,2026,4.7,4.6904316,9.23361,6.5104165,6.4226074,1.3665
EMD-47577,single particle,2024,15.0,,27.100271,14.306151,20.491804,1.3661
EMD-37395,single particle,2023,5.47,,10.504202,7.246377,7.46826,1.3653
EMD-66106,single particle,2025,4.66,4.597701,8.920607,6.3979526,6.3613234,1.3651
EMD-51841,single particle,2025,4.12,4.123711,10.416667,5.6179776,5.621135,1.3644
EMD-18789,single particle,2024,4.4,,7.8186083,4.7755494,6.002401,1.3642
EMD-19516,subtomogram averaging,2024,16.6,,29.94012,14.450867,22.624434,1.3629
EMD-65450,single particle,2025,4.5,4.4052863,7.64526,6.1387353,6.131208,1.3625
EMD-15851,single particle,2022,2.0,2.683123,3.0093288,2.7129679,2.7240534,1.362
EMD-42231,single particle,2024,2.0,,3.511236,2.7292576,2.7225702,1.3613
EMD-38670,single particle,2024,4.7,4.6904316,9.9009905,6.377551,6.3979526,1.3613
EMD-65716,single particle,2025,4.94,4.943154,8.605852,6.6934404,6.72043,1.3604
EMD-43928,single particle,2025,6.46,6.4599485,8.787346,6.22665,8.787346,1.3603
EMD-53812,subtomogram averaging,2026,24.7,24.813896,36.630035,31.152649,33.55705,1.3586
EMD-54018,single particle,2025,3.53,3.5285816,9.149131,4.789272,4.793864,1.358
EMD-74308,single particle,2026,2.34,2.6157467,4.198153,3.17662,3.17662,1.3575
EMD-19853,single particle,2024,7.7,,10.449321,6.877579,10.449321,1.3571
EMD-49019,single particle,2025,4.09,4.091653,9.302325,5.050505,5.5493894,1.3568
EMD-45422,single particle,2025,6.43,,10.810811,8.710801,8.718396,1.3559
EMD-42211,subtomogram averaging,2024,11.4,11.223345,19.047619,15.52795,15.455951,1.3558
EMD-50266,subtomogram averaging,2024,11.4,11.494253,15.313935,15.313935,15.40832,1.3516
EMD-51711,single particle,2025,2.09,2.0946796,3.971406,2.8200788,2.8216705,1.3501
EMD-65474,subtomogram averaging,2025,11.4,,18.281536,15.267176,15.384615,1.3495
EMD-43387,single particle,2025,3.4,,7.7101,4.595588,4.5850525,1.3485
EMD-53392,single particle,2025,7.0,6.9589424,10.0200405,9.02527,9.433962,1.3477
EMD-52195,single particle,2025,4.8,,6.830601,6.393862,6.468305,1.3476
EMD-53431,single particle,2025,4.8,4.8123198,7.4738417,6.389776,6.468305,1.3476
EMD-51876,single particle,2026,3.0,,10.070494,4.030633,4.042037,1.3473
EMD-45947,single particle,2024,13.0,12.903226,18.018019,11.627907,17.513134,1.3472
EMD-17568,single particle,2024,4.4,4.456328,8.431704,5.837712,5.9241705,1.3464
EMD-38026,single particle,2025,4.4,,8.984726,5.899705,5.9171596,1.3448
EMD-65457,subtomogram averaging,2025,16.1,,25.316456,21.73913,21.645021,1.3444
EMD-37400,single particle,2023,5.85,,11.764706,7.7279754,7.861635,1.3439
EMD-46431,single particle,2025,12.3,12.210012,28.653296,16.638935,16.528925,1.3438
EMD-44098,single particle,2024,4.79,4.789272,8.467401,6.43915,6.4350066,1.3434
EMD-60246,single particle,2024,6.9,,9.26784,6.0240965,9.26784,1.3432
EMD-51950,single particle,2025,2.7,,6.4226074,3.6363637,3.6258159,1.3429
EMD-42929,helical,2024,4.35,4.35161,6.7934785,5.8411217,5.837712,1.342
EMD-51833,single particle,2025,7.06,7.0621467,17.452007,9.354537,9.469697,1.3413
EMD-39866,single particle,2025,2.5,,3.5752592,3.360215,3.3489618,1.3396
EMD-40342,single particle,2025,5.6,,8.019246,7.052186,7.48503,1.3366
EMD-46059,single particle,2024,4.5,,8.05153,6.0060062,6.013229,1.3363
EMD-8942,single particle,2019,4.1,4.066694,5.4764514,4.803074,5.4764514,1.3357
EMD-16723,single particle,2024,9.36,9.319665,12.5,,12.5,1.3355
EMD-47584,single particle,2024,15.0,,23.696682,14.326648,20.0,1.3333
EMD-45696,single particle,2025,5.86,5.8548007,10.288066,7.800312,7.8125,1.3332
EMD-65459,subtomogram averaging,2025,15.5,,23.640661,20.618557,20.661158,1.333
EMD-18317,single particle,2024,4.41,4.4130626,8.984726,5.7770076,5.8754406,1.3323
EMD-47402,single particle,2024,2.47,,4.019293,3.2786884,3.288392,1.3313
EMD-19596,single particle,2024,13.0,,20.920502,9.940358,17.301039,1.3308
EMD-55203,subtomogram averaging,2025,15.92,,22.988506,19.157087,21.186441,1.3308
EMD-44656,single particle,2025,20.0,,28.735632,25.906736,26.595745,1.3298
EMD-36602,single particle,2024,4.15,4.1305246,6.7613254,5.4614964,5.51572,1.3291
EMD-43998,single particle,2025,4.6,4.5934772,7.627765,5.3333335,6.105006,1.3272
EMD-37072,single particle,2024,6.59,5.824112,8.741259,6.6181335,8.741259,1.3264
EMD-72641,single particle,2026,4.18,4.1823506,5.5096416,5.506608,5.543237,1.3261
EMD-76212,single particle,2026,6.0,,8.583691,7.9681277,7.9554496,1.3259
EMD-75914,subtomogram averaging,2026,7.2,6.849315,17.921146,9.532888,9.541985,1.3253
EMD-47667,single particle,2024,2.79,2.792516,7.8864355,3.690037,3.6941264,1.3241
EMD-16931,single particle,2024,13.0,12.690355,18.726591,12.722647,17.211704,1.324
EMD-55135,single particle,2026,2.2,2.8645086,3.1625555,2.9112082,2.9112082,1.3233
EMD-46977,helical,2025,5.6,,7.097232,5.9031878,7.4074073,1.3228
EMD-75921,subtomogram averaging,2026,7.0,,13.404826,9.26784,9.259259,1.3228
EMD-70040,single particle,2025,12.0,11.961722,21.786493,12.210012,15.873015,1.3228
EMD-75912,subtomogram averaging,2026,6.9,6.9204154,15.923567,9.149131,9.124087,1.3223
EMD-44840,single particle,2024,4.3,,8.169934,5.4734535,5.685048,1.3221
EMD-56009,single particle,2026,4.5,5.7670126,8.467401,5.9453034,5.94884,1.322
EMD-52570,single particle,2025,4.5,4.456328,7.782101,5.2273917,5.94884,1.322
EMD-55529,single particle,2025,5.8,5.750431,19.569471,7.6804914,7.662835,1.3212
EMD-78725,single particle,2026,2.9,,7.1073203,3.8358266,3.8255546,1.3192
EMD-72447,single particle,2025,4.5,4.526935,8.305648,4.6948357,5.934718,1.3188
EMD-19512,single particle,2024,4.7,4.6750817,7.92393,6.2227755,6.195787,1.3183
EMD-38671,single particle,2024,4.7,4.714757,10.822511,6.2578225,6.195787,1.3183
EMD-19259,single particle,2024,4.74,5.7670126,8.802817,6.337136,6.246096,1.3177
EMD-51918,single particle,2024,7.29,7.293946,9.606148,7.1530757,9.606148,1.3177
EMD-67124,single particle,2026,4.55,4.553734,8.196721,5.966587,5.995204,1.3176
EMD-44568,single particle,2024,6.3,6.2617407,17.006804,8.130081,8.298756,1.3173
EMD-66288,single particle,2025,3.19,,4.5620437,4.185852,4.2016807,1.3171
EMD-53772,subtomogram averaging,2026,18.3,18.05054,27.70083,22.727272,24.096386,1.3167
EMD-53113,single particle,2025,4.33,4.330879,9.523809,5.7240987,5.7012544,1.3167
EMD-48372,single particle,2025,3.9,,6.9348125,4.9975014,5.13347,1.3163
EMD-76348,single particle,2026,4.32,4.3215213,6.7658997,5.0454087,5.685048,1.316
EMD-19520,subtomogram averaging,2024,15.4,,28.985508,14.285714,20.242914,1.3145
EMD-77810,single particle,2026,8.9,8.880995,11.695907,8.635578,11.695907,1.3141
EMD-43349,helical,2025,6.4,6.3734865,8.510638,8.403361,8.410429,1.3141
EMD-52160,subtomogram averaging,2025,30.7,39.840637,40.16064,40.16064,40.322582,1.3134
EMD-65496,single particle,2025,7.3,7.293946,15.698587,9.615385,9.587728,1.3134
EMD-62137,single particle,2025,5.65,5.934718,7.4183974,5.973716,7.4183974,1.313
EMD-47397,single particle,2024,3.49,,7.9554496,4.580852,4.580852,1.3126
EMD-16921,single particle,2024,3.1,6.1538463,6.1690316,4.063389,4.0683484,1.3124
EMD-44308,single particle,2024,4.4,4.3840423,8.025682,5.249344,5.773672,1.3122
EMD-80886,single particle,2026,3.9,3.8654811,6.1500616,5.144033,5.1150894,1.3116
EMD-52162,subtomogram averaging,2025,34.2,44.84305,44.84305,44.84305,44.84305,1.3112
EMD-53112,single particle,2025,4.36,4.3572984,9.140768,5.694761,5.714286,1.3106
EMD-48646,single particle,2025,5.3,,18.05054,6.9589424,6.9444447,1.3103
EMD-51821,subtomogram averaging,2025,3.79,,4.9925113,4.92126,4.9652433,1.3101
EMD-47862,single particle,2025,3.7,,7.4571214,4.830918,4.844961,1.3094
EMD-51724,single particle,2025,2.8,,7.002801,3.6563072,3.6656892,1.3092
EMD-17344,single particle,2024,5.2,,6.954103,5.685048,6.807352,1.3091
EMD-77710,single particle,2026,5.24,,6.858711,5.2383447,6.858711,1.3089
EMD-46715,single particle,2025,20.0,,26.17801,13.333333,26.17801,1.3089
EMD-44385,subtomogram averaging,2025,12.0,12.285012,21.73913,15.243902,15.698587,1.3082
EMD-46007,single particle,2025,3.5,3.5198874,7.8678207,4.589261,4.576659,1.3076
EMD-65261,single particle,2025,4.52,,8.271298,5.9171596,5.9101653,1.3076
EMD-19999,subtomogram averaging,2024,5.6,,8.169934,7.2886295,7.3206444,1.3073
EMD-73612,single particle,2026,5.01,5.007511,7.002801,5.058169,6.540222,1.3054
EMD-73600,single particle,2026,6.5,,8.481764,6.075334,8.481764,1.3049
EMD-36434,helical,2024,9.8,,13.192612,11.494253,12.787724,1.3049
EMD-46036,single particle,2025,3.4,3.381806,7.627765,4.4385266,4.43459,1.3043
EMD-18786,single particle,2024,6.1,,11.389522,7.4626865,7.9554496,1.3042
EMD-38163,subtomogram averaging,2024,12.0,,15.649452,,15.649452,1.3041
EMD-46057,single particle,2024,4.4,,7.2202168,5.7175527,5.733945,1.3032
EMD-48976,single particle,2025,5.86,5.8582306,10.570825,7.627765,7.633588,1.3027
EMD-47869,single particle,2025,3.7,,7.352941,4.7103157,4.8192773,1.3025
EMD-65171,subtomogram averaging,2026,16.0,15.72327,31.74603,20.53388,20.833334,1.3021
EMD-71056,helical,2026,5.32,5.324814,9.009009,6.7658997,6.9252076,1.3017
EMD-49504,single particle,2025,2.9,3.4281797,7.7942324,3.7593985,3.7750094,1.3017
EMD-52633,subtomogram averaging,2025,13.0,13.315579,17.421602,16.891891,16.920473,1.3016
EMD-55236,single particle,2025,6.0,5.9630294,7.6745973,5.1177073,7.8064013,1.3011
EMD-44571,single particle,2024,5.2,5.194805,11.086474,6.7613254,6.7613254,1.3003
EMD-53667,subtomogram averaging,2026,10.7,10.152285,18.726591,13.908206,13.908206,1.2998
EMD-40258,single particle,2025,4.1,,6.6181335,5.727377,5.324814,1.2987
EMD-50515,single particle,2024,10.0,10.060362,12.987013,7.2886295,12.987013,1.2987
EMD-50795,single particle,2024,5.11,5.1124744,8.680555,6.285355,6.6357,1.2986
EMD-44730,single particle,2025,3.97,,8.0,5.144033,5.1546392,1.2984
EMD-47403,single particle,2024,2.56,,4.030633,3.3057852,3.3233633,1.2982
EMD-47406,single particle,2024,2.65,,4.196391,3.4435263,3.4399724,1.2981
EMD-63329,single particle,2025,6.86,6.863418,8.904719,6.993007,8.904719,1.2981
EMD-45138,single particle,2024,12.0,12.019231,15.576324,8.873115,15.576324,1.298
EMD-46683,single particle,2025,19.0,,26.5252,,24.630543,1.2963
EMD-50206,single particle,2025,2.55,2.5503697,8.019246,3.30251,3.3046927,1.296
EMD-51836,single particle,2025,4.16,4.1562757,9.389671,5.3561864,5.390836,1.2959
EMD-63640,single particle,2025,3.81,3.8066235,9.727627,4.9455986,4.935834,1.2955
EMD-36321,single particle,2024,2.45,,4.180602,3.1746032,3.1735957,1.2953
EMD-51742,subtomogram averaging,2025,20.0,,25.906736,20.79002,25.906736,1.2953
EMD-51958,single particle,2025,2.9,,7.082153,3.7878788,3.7537537,1.2944
EMD-50209,single particle,2025,2.21,2.2148395,6.9013114,2.8636885,2.8595939,1.2939
EMD-19899,single particle,2024,7.6,7.5930142,9.99001,7.541478,9.832842,1.2938
EMD-72020,single particle,2026,5.5,5.546312,8.467401,6.377551,7.1123757,1.2932
EMD-60819,single particle,2026,3.2,,10.224949,4.1339397,4.1373606,1.2929
EMD-44289,single particle,2025,3.3,3.2478077,4.330879,4.2589436,4.2662115,1.2928
EMD-51823,subtomogram averaging,2025,4.05,,5.2438383,4.96771,5.235602,1.2927
EMD-43110,single particle,2024,3.32,,6.5316787,4.2955327,4.2900043,1.2922
EMD-42209,subtomogram averaging,2024,10.9,10.905126,18.656717,14.204545,14.084507,1.2922
EMD-61637,subtomogram averaging,2025,12.0,11.454754,15.948963,15.576324,15.503876,1.292
EMD-62857,single particle,2026,4.3,4.3103447,8.826125,5.592841,5.5555553,1.292
EMD-70039,single particle,2025,11.4,11.350738,19.34236,11.641443,14.727541,1.2919
EMD-34359,single particle,2022,5.04,,8.620689,6.3572793,6.5104165,1.2917
EMD-51525,single particle,2024,5.0,4.784689,6.5104165,6.4599485,6.451613,1.2903
EMD-47606,single particle,2024,2.42,2.4213076,6.455778,3.1201248,3.1220732,1.2901
EMD-44623,single particle,2024,4.9,4.943154,10.976949,5.934718,6.3211126,1.29
EMD-45516,single particle,2024,4.7,,8.453085,5.980861,6.060606,1.2895
EMD-64290,single particle,2026,4.53,4.524887,7.5528703,5.8139534,5.8411217,1.2894
EMD-60027,single particle,2025,6.95,,8.960573,5.524862,8.960573,1.2893
EMD-45790,single particle,2025,9.26,9.259259,21.097046,11.337869,11.933174,1.2887
EMD-48990,single particle,2025,4.94,4.943154,19.53125,6.4102564,6.365372,1.2885
EMD-42066,single particle,2024,5.32,5.2603893,8.688097,6.9060774,6.8540096,1.2883
EMD-47860,single particle,2025,3.6,,7.315289,4.6425257,4.636069,1.2878
EMD-51030,subtomogram averaging,2024,14.2,14.064697,18.281536,18.281536,18.281536,1.2874
EMD-75916,subtomogram averaging,2026,7.2,7.1890726,13.404826,9.276438,9.26784,1.2872
EMD-44608,single particle,2024,4.7,4.6904316,11.709601,5.9880238,6.049607,1.2872
EMD-40340,single particle,2025,5.3,,7.1942444,6.7114096,6.8212824,1.287
EMD-48985,single particle,2025,5.86,5.861665,10.775862,7.5301204,7.541478,1.2869
EMD-72624,single particle,2026,2.72,,4.3572984,3.4989502,3.500175,1.2868
EMD-53076,single particle,2025,2.9,,7.087172,3.7188547,3.7313433,1.2867
EMD-47867,single particle,2025,3.6,,7.23589,4.631774,4.631774,1.2866
EMD-8943,single particle,2019,3.6,3.557453,5.0454087,4.6232085,4.631774,1.2866
EMD-51714,single particle,2025,2.09,2.0920503,3.7878788,2.6845639,2.6888947,1.2866
EMD-48636,single particle,2025,39.07,38.314175,50.251255,28.40909,50.251255,1.2862
EMD-73165,single particle,2025,2.7,2.7078257,4.3327556,3.468609,3.4722223,1.286
EMD-72999,single particle,2025,2.4,2.354049,3.3311126,3.0759766,3.0864198,1.286
EMD-46029,single particle,2025,3.6,3.6023054,7.70416,4.601933,4.6296296,1.286
EMD-44090,single particle,2025,3.26,,4.2462845,3.3990483,4.191115,1.2856
EMD-47803,single particle,2025,3.4,,6.9735007,4.382121,4.3706293,1.2855
EMD-51705,single particle,2025,2.24,2.2366362,4.0866365,2.8694406,2.8785262,1.2851
EMD-58684,single particle,2026,3.15,3.1505985,7.2150073,4.0469446,4.0469446,1.2847
EMD-19599,subtomogram averaging,2024,18.0,17.605635,24.038462,22.779043,23.094688,1.283
EMD-47863,single particle,2025,3.4,,6.6666665,4.35161,4.361099,1.2827
EMD-77586,single particle,2026,2.5,2.541296,5.8479533,3.2113037,3.2051282,1.2821
EMD-48634,single particle,2025,27.58,27.100271,35.33569,35.21127,35.33569,1.2812
EMD-42651,single particle,2024,4.39,,7.782101,5.546312,5.624297,1.2812
EMD-72011,single particle,2026,6.26,6.2578225,8.064516,6.35324,8.019246,1.281
EMD-55180,single particle,2026,2.89,2.8926816,5.9988003,3.6859565,3.7009623,1.2806
EMD-52052,subtomogram averaging,2025,4.9,4.914005,6.3091483,6.0240965,6.2735257,1.2803
EMD-19902,single particle,2024,7.3,7.336757,9.380863,6.0938454,9.345795,1.2802
EMD-45592,subtomogram averaging,2025,5.9,5.9136605,7.616146,7.535795,7.5528703,1.2801
EMD-47357,single particle,2024,2.12,,3.3189511,2.713704,2.712232,1.2794
EMD-50885,single particle,2024,4.2,,7.0921984,5.3648067,5.370569,1.2787
EMD-49031,single particle,2025,4.28,4.280822,9.910803,5.482456,5.4704595,1.2781
EMD-43591,single particle,2024,5.05,5.0251255,8.3125515,6.443299,6.451613,1.2775
EMD-39986,single particle,2025,2.96,2.9559562,5.952381,3.770739,3.7807183,1.2773
EMD-46736,single particle,2024,7.91,7.9051385,11.750881,7.942812,10.10101,1.277
EMD-63913,single particle,2025,4.64,4.638219,7.2516317,5.837712,5.9241705,1.2768
EMD-47544,single particle,2026,7.68,7.6804914,9.803922,7.581501,9.803922,1.2766
EMD-61219,single particle,2025,5.56,5.558644,7.1123757,7.087172,7.097232,1.2765
EMD-57309,single particle,2026,4.59,,6.8870525,5.8479533,5.8582306,1.2763
EMD-47946,single particle,2025,5.9,,8.196721,6.7704806,7.5301204,1.2763
EMD-48965,single particle,2025,6.27,6.2695923,10.869565,7.9681277,8.0,1.2759
EMD-52279,single particle,2025,3.01,3.0057108,8.849558,3.8358266,3.8402457,1.2758
EMD-60715,single particle,2025,6.03,6.0240965,10.0,7.6394196,7.6923075,1.2757
EMD-54239,subtomogram averaging,2025,7.3,,9.560229,9.523809,9.3109865,1.2755
EMD-73626,helical,2026,3.69,3.6927621,4.7505937,4.014452,4.7058825,1.2753
EMD-36435,helical,2024,11.0,,14.025246,4.9975014,14.025246,1.275
EMD-72647,single particle,2026,3.94,3.937008,5.0251255,5.0251255,5.0226016,1.2748
EMD-51706,single particle,2025,2.41,2.4125452,4.541326,3.07031,3.0721967,1.2748
EMD-44609,single particle,2024,4.9,4.8756704,13.550136,6.5019507,6.246096,1.2747
EMD-65631,subtomogram averaging,2025,15.0,,23.866348,19.08397,19.120459,1.2747
EMD-73601,single particle,2026,9.5,,12.106538,9.372071,12.106538,1.2744
EMD-53089,single particle,2025,7.2,7.315289,9.460738,7.5018754,9.174312,1.2742
EMD-44740,single particle,2024,10.0,9.871668,12.738853,5.9382424,12.738853,1.2739
EMD-44792,single particle,2024,3.5,,7.5244546,4.4603033,4.458315,1.2738
EMD-19271,single particle,2024,4.6,4.5829515,7.29927,5.8411217,5.8582306,1.2735
EMD-48946,single particle,2025,3.13,,9.057971,3.965107,3.9856517,1.2734
EMD-50000,subtomogram averaging,2024,6.8,,8.658009,8.658009,8.658009,1.2732
EMD-17426,subtomogram averaging,2024,11.9,11.587485,21.097046,12.642225,15.151515,1.2732
EMD-75920,subtomogram averaging,2026,7.2,7.1073203,16.129032,9.225092,9.165903,1.273
EMD-19507,single particle,2024,3.8,3.7650602,8.064516,4.784689,4.83559,1.2725
EMD-71595,single particle,2025,4.46,,6.385696,5.5524707,5.675369,1.2725
EMD-65464,subtomogram averaging,2025,9.9,,14.641289,12.42236,12.594459,1.2722
EMD-46037,single particle,2025,3.4,3.4013605,7.2780204,4.3233895,4.3252597,1.2721
EMD-73170,single particle,2025,2.3,2.344666,3.7864444,2.921414,2.9256876,1.272
EMD-53183,single particle,2025,4.38,4.3802013,8.410429,5.5648303,5.5710306,1.2719
EMD-57188,helical,2026,3.6,3.664346,6.540222,4.5934772,4.5787544,1.2719
EMD-49011,single particle,2025,4.2,4.196391,9.090909,5.279831,5.3390284,1.2712
EMD-72449,single particle,2025,4.8,4.796163,7.117438,6.097561,6.101281,1.2711
EMD-47050,single particle,2025,4.9,4.9236827,7.686395,6.1728396,6.22665,1.2707
EMD-52458,single particle,2025,3.7,3.690037,4.7393365,4.7014575,4.7014575,1.2707
EMD-60691,single particle,2025,4.6,4.597701,7.627765,5.8685446,5.8445354,1.2706
EMD-39764,single particle,2024,4.28,4.280822,10.626992,5.4614964,5.437738,1.2705
EMD-48992,single particle,2025,6.07,6.0716453,18.083183,7.581501,7.7101,1.2702
EMD-45297,single particle,2024,6.84,8.032128,17.452007,8.56898,8.688097,1.2702
EMD-63912,single particle,2025,4.67,4.6728973,7.3046017,5.9417706,5.931198,1.2701
EMD-54700,single particle,2026,6.8,,8.635578,5.7670126,8.635578,1.2699
EMD-46012,single particle,2025,3.5,3.4770515,7.4460163,4.4464207,4.4444447,1.2698
EMD-75100,single particle,2026,7.0,,8.888889,7.122507,8.888889,1.2698
EMD-53487,single particle,2025,4.1,5.1840334,5.205622,4.194631,5.205622,1.2697
EMD-43111,single particle,2024,3.17,,4.5454545,4.020909,4.0241446,1.2694
EMD-19183,single particle,2025,1.42,,1.9751135,1.8021265,1.8024514,1.2693
EMD-50448,single particle,2024,3.6,,10.449321,4.568296,4.568296,1.269
EMD-37619,single particle,2024,3.7,3.7467215,16.528925,4.6728973,4.6948357,1.2689
EMD-50652,single particle,2025,3.38,,8.841733,4.2753315,4.2881646,1.2687
EMD-42758,single particle,2024,6.01,,8.496177,7.3746314,7.621951,1.2682
EMD-71724,single particle,2026,2.09,2.093364,3.4843206,2.6455026,2.6497085,1.2678
EMD-50459,single particle,2024,4.77,4.7732697,7.993605,6.0096154,6.045949,1.2675
EMD-53830,subtomogram averaging,2026,7.16,7.147963,14.124293,9.049774,9.07441,1.2674
EMD-70983,single particle,2025,6.1,,10.0200405,7.7579517,7.7279754,1.2669
EMD-55659,single particle,2026,2.91,2.9129043,3.6859565,3.2626426,3.6859565,1.2667
EMD-40343,single particle,2025,6.4,,8.3125515,7.204611,8.103727,1.2662
EMD-74306,single particle,2026,2.29,2.2888532,3.9308176,2.8960323,2.8993912,1.2661
EMD-52156,subtomogram averaging,2025,31.1,39.68254,39.68254,39.68254,39.37008,1.2659
EMD-51802,subtomogram averaging,2025,5.1,5.0428643,7.1942444,6.4267354,6.455778,1.2658
EMD-50395,single particle,2024,4.9,4.916421,13.755158,6.090134,6.199628,1.2652
EMD-18384,helical,2024,5.1,5.073567,6.6979237,5.621135,6.451613,1.265
EMD-47396,single particle,2024,2.35,,3.7243948,2.9708853,2.9726517,1.265
EMD-46735,single particle,2024,4.69,4.6926327,8.298756,5.8582306,5.931198,1.2646
EMD-75646,single particle,2026,3.82,3.8182511,9.090909,4.830918,4.830918,1.2646
EMD-44626,single particle,2024,5.3,5.2714815,11.248594,6.6979237,6.702413,1.2646
EMD-51513,single particle,2025,5.11,,6.4599485,4.8496604,6.4599485,1.2642
EMD-53060,single particle,2026,3.05,3.0543678,4.8123198,3.8476336,3.85505,1.264
EMD-43634,single particle,2025,6.0,5.991612,8.726004,7.581501,7.581501,1.2636
EMD-52158,subtomogram averaging,2025,33.4,42.19409,42.372883,42.372883,42.19409,1.2633
EMD-51597,single particle,2024,3.1,3.0769231,9.587728,3.90625,3.9154267,1.263
EMD-51840,single particle,2025,5.38,5.390836,11.961722,6.570302,6.7934785,1.2627
EMD-47683,single particle,2025,3.27,3.270111,6.188119,4.1152263,4.128819,1.2626
EMD-19518,subtomogram averaging,2024,18.05,,32.05128,17.391304,22.779043,1.262
EMD-46033,single particle,2025,3.7,3.7313433,7.64526,4.6663556,4.6663556,1.2612
EMD-72382,single particle,2025,6.57,,8.643043,5.586592,8.285005,1.261
EMD-18472,single particle,2024,4.7,4.7103157,8.077544,5.9171596,5.9241705,1.2605
EMD-60357,single particle,2025,3.24,3.2372937,8.733624,4.100041,4.083299,1.2603
EMD-61638,subtomogram averaging,2025,12.7,12.437811,17.985611,15.873015,16.0,1.2598
EMD-50886,single particle,2024,7.1,,10.989011,8.810573,8.944544,1.2598
EMD-47235,single particle,2024,9.0,8.960573,11.904762,10.204082,11.337869,1.2598
EMD-52163,subtomogram averaging,2025,30.2,38.02281,38.02281,38.02281,38.02281,1.259
EMD-42071,single particle,2024,5.7,,7.173601,5.6980057,7.173601,1.2585
EMD-74621,single particle,2026,5.9,5.9066744,9.372071,7.48503,7.423905,1.2583
EMD-53974,single particle,2025,2.4,2.7404768,7.1123757,3.0312216,3.0193236,1.2581
EMD-65185,single particle,2026,4.38,4.3763676,5.5096416,4.3402777,5.5096416,1.2579
EMD-51731,subtomogram averaging,2024,18.8,,19.493177,19.08397,23.640661,1.2575
EMD-73701,single particle,2026,4.86,,6.1087356,4.7619047,6.1087356,1.2569
EMD-37594,single particle,2024,3.3,3.2754667,8.278146,4.1562757,4.1476564,1.2569
EMD-74307,single particle,2026,2.32,2.315887,3.9016776,2.9129043,2.915452,1.2567
EMD-73166,single particle,2025,3.1,3.125,6.418485,3.900156,3.895598,1.2566
EMD-50208,single particle,2025,2.3,2.2983222,6.591958,2.8876696,2.8901734,1.2566
EMD-76130,single particle,2026,19.46,19.455254,196.07843,24.449879,24.449879,1.2564
EMD-44620,single particle,2024,5.1,5.0761423,11.273957,6.393862,6.40615,1.2561
EMD-45999,single particle,2025,3.9,3.9016776,7.6923075,4.901961,4.8971596,1.2557
EMD-71750,helical,2025,3.19,3.1897926,5.8548007,4.0032024,4.0048056,1.2554
EMD-45424,single particle,2025,3.52,,4.9407115,4.3956046,4.418913,1.2554
EMD-73636,subtomogram averaging,2025,5.1,5.0916495,6.98324,6.393862,6.4020486,1.2553
EMD-65576,subtomogram averaging,2025,7.46,7.4626865,9.398497,9.372071,9.363296,1.2551
EMD-55959,single particle,2026,4.9,4.892368,6.5876155,6.1124697,6.1500616,1.2551
EMD-19268,single particle,2024,7.61,7.6045628,11.223345,9.066183,9.551099,1.2551
EMD-17425,subtomogram averaging,2024,9.6,9.84252,11.750881,8.904719,12.048193,1.255
EMD-46017,single particle,2025,3.8,3.808073,7.716049,4.8146367,4.7687173,1.2549
EMD-37403,single particle,2023,6.13,,10.449321,7.5471697,7.6923075,1.2549
EMD-53272,single particle,2025,7.54,,9.460738,8.532423,9.460738,1.2547
EMD-45104,single particle,2025,5.0,5.02008,8.116883,5.9453034,6.2735257,1.2547
EMD-47336,single particle,2025,2.38,,3.7160907,2.9797378,2.985966,1.2546
EMD-51185,helical,2025,4.0,3.9984007,8.643043,5.0327125,5.0175614,1.2544
EMD-50207,single particle,2025,2.34,2.3353574,7.147963,2.9463758,2.9351335,1.2543
EMD-54772,single particle,2026,6.84,,9.950249,8.340283,8.576329,1.2538
EMD-65458,subtomogram averaging,2025,6.3,,8.583691,7.782101,7.8988943,1.2538
EMD-75913,subtomogram averaging,2026,7.2,7.204611,15.267176,9.041592,9.02527,1.2535
EMD-46013,single particle,2025,3.9,3.8819876,7.7579517,4.892368,4.8875856,1.2532
EMD-58151,single particle,2026,3.0,3.0395136,6.7159166,3.7593985,3.7593985,1.2531
EMD-46634,single particle,2025,3.6,3.5663338,7.518797,4.5146728,4.5085664,1.2524
EMD-19951,single particle,2025,2.43,2.8121486,4.800768,3.0543678,3.0432136,1.2524
EMD-34733,single particle,2023,2.94,3.298153,4.3383946,3.67242,3.6818852,1.2523
EMD-43112,single particle,2024,2.98,,4.1614647,3.7397158,3.7313433,1.2521
EMD-53811,subtomogram averaging,2026,17.4,18.181818,26.041666,20.833334,21.786493,1.2521
EMD-48625,single particle,2025,7.8,7.788162,10.319918,7.7399383,9.765625,1.252
EMD-51486,single particle,2025,3.7,,8.090615,4.638219,4.631774,1.2518
EMD-44605,single particle,2024,5.3,5.302227,11.792453,6.6357,6.6269054,1.2504
